Username,Tweet
Maull,@tanyakanrl Yang penting maxim murah dah https://t.co/Q3sQkqPeVQ'
yanti,Senangnyaa naik maxim dapat harga murah
Mark BahramovğŸ´,@baev_maxim @pobedeen @gaitykieva_d aplikasi maxim keren bat dah ramah dikantong
enca pgn jd anime,gua sekarang lagi didago atas sendirian trs hp gw ngedrop terus maxim gua lagi kaya kontol semoga gua selamat'
widya,maxim sudah bagus
vaini,@tanyakanrl Maxim teman baikku https://t.co/WMGwLtOILY'
Amirov Dion,@AXXXMVII Baik juga maxim'
youth,login maxim agak susah ya
Neyi,@maxmilth Wah senangnya. Sapa tau beneran jd CEOnya maxim kak!'
ryna,naik maxim motornya segala mogok lagi haduhh
txtdaribogor,gila ni abang maximnya narik karena gabut doang
opiii,kalau kata temenku naik maxim enak soalnya murah
mahendra,suka maxim tetapi waktu penjemputannya kadang agak lama
rekaa,Ya Allah lagi dikejar waktu ban motor maxim bocor
putra,"maxim harap ditingkatkan titik pencarian lokasinya ya, soalnya susah"
â“‚ï¸,yang kaya gini kasian bapak maxim atau sejenis jasa antar jemput lainnya ga sih? bisa aja ngga salah https://t.co/aSo6BmFY5X'
chall,Anda mendapatkan bonus dari saya sebesar Rp0 untuk perjalanan dengan Maxim! Download aplikasi Maxim dan masukkan kode  https://t.co/ASPUiOMLrl'
é°¤å¸‚ å¤šæœ‰/æ€ªäººãƒ‡ã‚¶ã‚¤ãƒ³/ç¦é…’ä¸­ğŸ¶/çµµãƒªã‚¯ã‚¨ã‚¹ãƒˆå—ä»˜ä¸­(æœ‰å„Ÿ),RT @taikikaneko1989: ULTRAMAN TITUS https://t.co/WPCi1KG7i6'
tebak,"7. harus naik maxim, tapi HARUS AMBIL CASHH dan saat itu aku gaada cash samsek https://t.co/vCM4bGtuNK'"
putrii,biaya maxim yang terlihat di aplikasi dengan yang sudah sampai lokasi tujuan berbeda
secang13,@maxim_cho Aku pengin kenalan'
NevaKunz ğŸ‹,@firlyxx @DPR99_ Sepertinya anda tersesat. Order maxim aja  @gjadi_sendirian'
dilakuy,"make maxim pas promo doang hehe, soalnya harganya agak beda dari gojek atau grab"
daulay,"harga maxim murah ya, sukaaa"
risolmayo,murah meriah sekali kamu maxim
dwigantara,ban motor maxim bocor diwaktu yang salah
s,RT @Askrlfess: [askrl] guys yg pake maxim tuh ini maksudnya gimana ya? aku masukin kode promo gituuu
ğ“¡ğ”‚ ğŸ’™ğŸ˜,@crocokrist mauu kalo ama maxim wkwkwk'
ken aja pokoknya,Buset di maxim ada yg ngebid tiga puluh dua rm anjg lo mo naek haji apa gmnee'
A Epriliana,@altairstr_ Pake maxim lebih murah dek..
pipapooà­§â¤âƒğŸ§¹,"Trip! Hai temanku, apa kabar?Hari ini aku melakukan perjalanan di dalam kota Solo! Pertama, pagi hari aku pergi dengan menggunakan maxim https://t.co/8ydl3UOyy5'"
meta,"harga maxim sangat terjangkau, lumayan berbeda dibanding app sebelah"
eizka,aneh ih abang maximnya
âœ  ğŸğŸğŸ•ğŸ•ğŸğŸ— âœ ,@BAPAKKEIRA Maxim jak dim cobe order'
Diann,tadi ketemu abang maxim baik banget nolongin ibu ibu yang jatuh
anggun,@fazaahmd maxim aja.'
nasna,untuk sistemnya maxim masih kurang bagus
gizka,"pesan maxim udah bilang abangnya kalau nunggunya dibawah JPO, eh abangnya malah nunggu dimana"
erin wh0,ni marah marah aja driver maxim
ğŸ¹,"maxim kok belom se privasi grab ya, takut bgtt gua tiba tiba di chat abangnya ga lagi dahh'"
TigeRiz ğŸ¯,"Babi punya maxim. Tak pasal driver tu dah sampai. Celaka punya app I'm fucking disappointed"""
shaned,"baru mau mesen maxim buat les tbtb hujan deres, untung orderannya masih diambil"
hera,titik lokasi maxim sangat susah sekaliii
qiaraaaaa,"haduh deg degan banget abang maximnya nyenggol angkot, untung angkotnya ngga marah marah"
Ratna Dg Bunga,maxim banyak promonyaa
Baby jo,ngga nyesel naik maxim pagi ini
Put CipoeT ğŸ¦–ğŸ¼ğŸ’–ğŸ’™,@srwithnj8  menyadari bulan ini Maxim dah kek tom Jerry isinya g bisa rukun
TigeRiz ğŸ¯,"Paling babi maxim ni, tiba2 boleh log out masa aku tengah nak cancel ride. Ni langsung tak boleh masuk dalam accountnya"
Mbah Eno,"@TokopediaCare Tolong blokir toko bikavasa87. Karena sudah menipu saya,beli jaket+helm maxim, katanya ada kenaikan harga"
TigeRiz ğŸ¯,"Grab, airasia, indriver dan maxim semua takde orang nak amik. Macam mana nak gi kerja, hujan lebat gila "
f i a,mau marahin tapi hati kecil sy tersentuh ketika melihat dia di kampus pake seragam maxim malem2 buat ngumpulin laprak'
TAKDIRMU,"Balik ke rumah pake Maxim, terus pas udah setengah jalan dia baru sadar udah jauh dan ujan terus nanya gini ini jalannya bener kesini mas? https://t.co/FaPncvzxXe'"
nauğŸ¤¸,driver maxim tergajelas
Mikha,Aplikasi maxim kalau dari segi harga sangat terjangkau
Allium cepa.,@diethingy Maxim sih udah mantep.
aayyyyyğŸ¦‹,"Barusan coba pake Maxim xixi, masnya wangi juga awkwkw. Oiya yg mau daftar pake Kodeku dong. makasiw  https://t.co/yRSB9LW17P'"
Sisyphus,"@uinwsfess daftar maxim ae mba, ngga ribet prosesnya.'"
taufik,"baru coba maxim, masih banyak yang harus diperbaiki"
lily paus,@minewjine @moonareas apa kabar maxim? long time no see'
Jeji,Sorry to say untung kali ini abang maxim nya gak banget'
Dilaaa,Awali pagimu dengan pesan maxim
uciaja,emg maxim best bgt dh ah murah bet'
rama,pengemudi maxim kebut kebutan di jalan huh
microsoft nafia,pengumpul small bill buat bayar maxim'
SiCode Promo,"gapapa lama, yang penting maxim banyak promo"
Bery Suwito,"Anda mendapat hadiah bonus dari saya sebesar Rp 100.000 untuk perjalanan dengan taksi! Cukup unduh aplikasi ""Maxim""'"
AHSAN FURQAN IBRAHIM,"Wow keren, mobil Esemka Garuda lumayan nihh untuk di pake taksi online (taksol)  Maxim Car https://t.co/qyFnbOZ86l'"
Mimin XI,Masa aplikasi maximnya susah banget cari driver si
rexaa,banyak driver maxim yang sikapnya tidak benar
Cipunggg,@marcella_anita1 @i_m_mortal_ pake maxim aja nder atau indriver lebih murche kaya pake voc goride'
maung,"@fixedcompass itu satu, kalau orang maxim tu suruh kau cancel after dah confirm order tapi dia still pickup kau"
Si Panggaron,@somaygoyeng @tanyarlfes Bapanya brian domami sama maxim malah chef antar negara'
follback? retweet pinned tweet!,rek di jember udah ada ojol Maxim belum ya?'
ana siregar,"Yups bener ini, macet tapi pilihan banyak masih bisa ke tujuan. Kota lain blom tentu, jalan kaki deh cape. Mending naik maxim murah."
@BriannaMiyakee ğŸ“NYC | FMTY | and ğŸ’•,@maxim_montreal @FruitBoudoir @indy_companion Parah ni maxim
ğŸ¤¨,Kemaren gue ada pergi naik maxim HAHAHAHA kocak masnya malah curhat tentang kisah percintaannya.
ken aja pokoknya,"Njir td dpt maxim cepet kaget, malah jd error trs ke cancel anjir, tau gitu ga usah kaget anjrit...'"
tariii,males banget selesai pesan maxim abangnya malah ngechat ngechat pribadi gitu
wÎ±wÎ±,pakai maxim kadang suka ada promonya
trunojoyo2019,@UkanIbrahim Ngojek bang daftar aja Maxim via online'
Neyi,"Kak maxim, penciptanya maxim ya?? @maxmilth'"
cha,@convomf maxim sekarang mah'
Sepakbola Juara,Kemarin naik maxim ternyata murah juga
!!,maxim dr stasiun ke rumah gue only sebelas ribu anjay'
WinkiWinka,RT @TelkomIndonesia: Maripay memberikan solusi remitansi yang dapat dilakukan di mana saja melalui aplikasi mobile. Fitur pembayaran tagihan
ğŸkinda ia,Maxim kelakuanmy Maxim https://t.co/psCCYi7K4i'
ğŸkinda ia,Puk puk maxim https://t.co/zKEGMPJ3a7'
ğŸkinda ia,RT @Afrodit42944173: Maxim yang gubluk bgt ato gimana sih.... woi....'
Ğ¼axi...,Aplikasi Maxim keren juga
Maxim,"@zwimter @moonareas Iya, Maxim yang itu'"
nadela,"tadi dapet bapak driver maxim yang baikk, diajakin ngobrol abistu dicariin bus. tau aja klo aku masih ngga berani buat nyari bus sendirian'"
lily paus,@moonareas ini maxim yang itu kah?'
R I F K Y,@cl0udlv @cursedkidd murah maxim og'
Aphrğ–§·dite,Maxim yang gubluk bgt ato gimana sih.... woi.... https://t.co/KCnDW8zq7t'
-ê¨„Â²,Org maxim smlm mmg rude nk mmpus'
Shanks.s,Kamu berkesempatan mendapatkan bonus sebesar Rp0 untuk perjalanan dengan Maxim! Download aplikasi Maxim dan masukkannya https://t.co/rzYYoRkrLn'
ğŸkinda ia,"Kakkkk, tanggung jawab aku jumpalitan pas maxim confess ditunggu kelanjutannyaaa, semangatt kaaa"" "
nis,mulai besok gua jadi driver maxim # gaboong'
Hyung Garr ğŸ‡²ğŸ‡¨ğŸ‡²ğŸ‡¨ğŸ‡²ğŸ‡¨,@Dee_01984 Semangat driver Maxim.. kita jual jasaaa. Sing penting halal. https://t.co/8GiktZaXO8'
adelle,@yoghurtrendang blm dpt driver gojek pake dulu maxim'
rawrrr,"@Maxim_Indonesia halo min, untuk atribut area jkt kapan ready lagi ya'"
Neil.,@munfess Apa maxim ya lupa'
Rhany,"Di garis bawahi, Ini gue bener2 udah males banget nanggepinnya ya, taulah ya kan orang yang sok punya power gitu. Apalagi maxim pasti punya komunitas orangnya banyak https://t.co/3IJAZiaEkK'"
bunnyakoo,"biasanya gojek, tapi lagi nyoba maxim, murah banget gilaa"
shintaa,salah banget pesan maxim lagi buru-buru. Lama banget nunggunyaa
sudi suwito,"RT @arifnovianto_id: Ketika Maxim  InDriver melanggar regulasi Kemenhub, maka dengan sigap mereka berkoordinasi bersama Kominfo untuk mencabut izin operasi"
rinco,"pertama kali pesan maxim mobil ternyata nyaman. Karena terjebak hujan, kutinggalkan suamiku di era mart. Maaf ya beb. Aku sayang sih tpi kalo kehujanan juga aku sakit kepala"
piyo!,"Guys, maxim banyak promo ga?'"
Rhany,"Attitute problem sih susah ya! Mau ngejelekin company @maxim tapi, masalah nya di attitute driver bukan platform. https://t.co/g9kW9I25i0'"
try to help,"Me wasting my whole time : Mutusin beli makan apa\nItung total makanan+ongkir. Bandingin harga resto ini resto itu, eh driver maxim seenaknya https://t.co/gzR18dRqTA'"
pucca,titik koordinat maxim bikin bingung nih
ryokoo,naik mobiil maxim wangi bangett
joseregos,ini titik jemput maxim nyarinya susah banget ya
bike4life,RT @SPAIbersatu: Serikat Pekerja Angkutan Indonesia (SPAI) meminta Kemenhub untuk menindak tegas perusahaan aplikasi yang melakukan pemotongan harga
Serikat Pekerja Angkutan Indonesia,Serikat Pekerja Angkutan Indonesia (SPAI) meminta Kemenhub untuk menindak tegas perusahaan aplikasi yang melakukan pelanggaran https://t.co/xWzaRJ4kYP'
kentang,RT @fadlilaaaaaa: Plis banget abang maxim ngabrutt wkwkw https://t.co/Z43GIpZEYc'
;,Wkwk lucu bgt deh tiap naik maxim pasti selalu ada cerita
Ğ¼axi...,@fediittt Alikasi maxim ga kalah bagus dari si hijau
Arya Putra,Kok bokap blm pulang juga nih..narik maxim@Azka_Rizal3'
UNSR! î¨€,"Aku baru pindahan kedaerah sukabangun. Mau dong ke kampus unsr! Barengan, ntr ak bayar bensinnya. Males banget kalo naik maxim https://t.co/4KHkrCk9xP'"
ken aja pokoknya,"Siaall jantung gua mo copot tadi pas berenti di LRT Putra Heights bilang udah gaada LRT laluan Kelana Jaya, demi Allah gua kaget banget akhirnya pulang lagi naik maxim https://t.co/pyARuow0L7'"
sate ayam (Taylorâ€™s Version),"Ada cerita, temen gua ini dikasih uang bulanan 2jt dan dia bilangin gua hedon karna uang bulanan gua 3 jt. PADAHAL 2jt dri hasil gua narik maxim https://t.co/PZRHgLnn9x'"
martabak manizz,sepanjang jalan seneng karena driver maximnya baik bangett
oik,@yolandannisa driver maxim kelakuan ada ada aja emang. https://t.co/XgYXmr7qpp'
Ale.,"Struggle kak Caci mau pulang. Dari set 5 gak dapet gocar, grabcar, maxim :( https://t.co/IzhEnyT26I'"
mimğŸ…°ï¸,@convomf Sedang beralih ke maxim'
dita,"@convomf gojek sama maxim, akun gue di suspend grab sama maxim pdhl gue ga ngapa ngapain, anj gajelas lu grab sama maxim"
ÇÄ±Å¿ooS,Saya tidak juga takut balik kerja tengah malam naik grab atau maxim tapiiii jangan lah bah ada benda buruk jadi. Orang ni penat kerja niii.
ainunarta,"ngga jadi maxim, susah nyari lokasi"
mitzisi,makasih buat driver maxim yang tadi bantuin pas liat aku kebingungan di jalan
ketameant,waktu itu pernah pesan maxim aneh banget
gerrinss,maxim aneh banget lokasinya kadang ngga sesuai sama nama tempatnya
;,Sangat menertawakan kemiskinan ku. Gue pp pake maxim hak lu make pesawat dah https://t.co/LiI8YzhU9e'
yusii,"untung maxim murah, jadi uang gua cukup"
rachmat11,Kalau lagi hemat maxim solusinya sih
rauhabee,pesan maxim ketika sedang irit sangat membantu
maxim,@callmegatx Kacau Maxim
yourfavgirlis,Plis banget abang maxim ngabrutt wkwkw https://t.co/Z43GIpZEYc'
Ghil lg lieur,"@RZakhas Bro how tf im waiting 91 meter maxim for 10 mins (hujan gw gabisa nyamperin). Padahal udah chat ""pak saya disini. https://t.co/G8BUIlunbi'"
tiger,@luvv_188 Coba pakai aplikasi maxim'
bayikğŸ£,@kdrama_menfess Ku mending maxim'
Â¹â·,@Sealeet geer lu kang maxim'
uni_arneb,"bingung cara order lewat aplikasi maxim, karena nyari lokasinya agak aneh"
Sintiaâ™’ï¸,"Pertama kali pake maxim, Pengemudinya ga jelas dan ngilang. Malah dapet yg jauh kan lama lagi. Bener2 ini hari ini apes https://t.co/ESMXgOrStF'"
Nani Nurhaini,@maxim_cho Driver maxim kenapa sukanya lewat jalan sepi sih
Nani Nurhaini,@maxim_cho Maxim meresahkan'
keeya,@iamkeen0o0 paguyuban maxim bersatuu
JuÎ®e,"napa metal amat sih driver maxim ini, apa aja dibabat asal hantam"
â™¡âœ¿â€¿âœ¿â™¡,"akhirnya setelah nunggu 3 jam hujan gaberenti dan gada grabcar, maxim jadi penyelamat huhuww kasian sama badan ni ha https://t.co/bsw3veRAE2'"
ernand,ini maxim ngga ada promo sebelas sebelas yak wkwk
ayya,@infobdg Wkwkwk maxim mau pulang kerja https://t.co/L7dyicLj5f'
Askrlfess,[askrl] maxim tuh ga bisa ewallet ya?'
Addidiero,Maxim ini maps nya masih beta banget yak
Rica,Tolong @Maxim_Indonesia maxim drivernya diupdate kalau ada pembayaran cashless atau non-tunai. Saya sudah bayar via e-wallet tapi tetap ditagih cash https://t.co/GKAcDhJ2Pg'
an,"@KediriFess trus motore enek stiker maxim, keren"
ridho,nyoba naik mobil pakai maxim ternyata harganya cukup terjangkau
Seokme,Terimakasih kepada abang maxim sudah menerima orderan saya walau menerjang hujan badai banjir
jua,Ga lagi gua ujan di sekolah anjrit balik naek maxim kedinginan'
han,Eh Maxim Supreme Gold enakkk!!! Walaupun agak pahit tapi masih bearable.'
ten.,Baru nak layan perasaan encik maxim ni tanya pulak nanti balik mengemudi kemana  https://t.co/Y7XIb58hJo'
GENERASI TERAKHIR CAKRABIRAWA&JAMUS KALIMAHUSADA,RT @BocahArusBawah: Ternyata ada driver maxim atau taxsee driver seperti bajingan
GENERASI TERAKHIR CAKRABIRAWA&JAMUS KALIMAHUSADA,Ganyangka aplikasi maxim kaya gitu  https://t.co/sx7IecyRbA'
Indonesia Spurs,Kesel banget sama aplikasi maxim
Tanyarl,Di sini ada yg pernah nyoba pake aplikasi Maxim ngga? Order makanan ongkir nya murah gak ya di si maxim
Luqmanul Hakim,Pergi kemanapun kapanpun semakin mudah degan Maxim Bike!. https://t.co/SxwgTkNFJ6'
Ms. Americano,Kebodohan hari ini adalah pesen maxim dari st duren kalibata ke plaza kalibata yang ternyata dekettt bgttt coiii sampe tempatnya nyesel https://t.co/VPgUF9hVCm'
jean,"asem bet maxim ngebut waktu ujan, mandi air got celana gua wkwkwkwk makasih ya "
juanma,yahh kenapa pas mau dipake aplikasinya error siihh
BullishPeasant69,Gaswar incoming :D @kadoryaiyoo @DineenCory @sarangheyto @CrlaDominik @luowenfeng6 @aqumasamba @MokhtarStan https://t.co/fGKDXXylPP'
nnisrnaa.ci,Ini maxim korea kok bisa sampe indo?? https://t.co/iYbCf1Wo2U'
Grace ğŸˆâ€â¬›ğŸ’œğŸ’™,Bukan ttg kpop tapi pengen cerita aja kemarin pas naik maxim car dapet driver cakep banget tapi dia ngerasa dia ganteng gitu. https://t.co/itBPmjs2ZA'
Mimils,Semangat aa aa maxim. https://t.co/EIRf7DQiom'
"ğ†ğ«ğ²ğŸğŸğ¢ğ§ğğ¨ğ«, Darius ğŸ¦","Kok gue baru tau dah si maxim, norak amat wkwk https://t.co/69NsHpmEI4'"
girdaa,gua tadi pesen maxim terus pas mau bayar harganya beda masa
Kang Hermando,"Nah loh kog bisa berubah. @Ojol_Gibah @ojol_indo_nesia Pelanggan Taksi Online Maxim Kaget, Tarif Lebih Mahal Dari biasanya https://t.co/ppyy5lURPC'"
Aleee,@convomf Maxim murah banget'
Sekretariat Negara,"4. Usai memimpin upacara, Wapres beserta Ibu Hj. Wury Maruf Amin didampingi oleh Menteri Sosial dan Kepala Staf meninjau maxim ke lapangan https://t.co/w8uixrandW'"
ğŸ’«,Pengalaman naik Maxim: murah dibandingkan yg ijo2 sejauh ini dan driver nya cepet juga dateng nya.. kayaknya blm banyak yang tau https://t.co/KMnpqXpPQH'
Kang Hermando,"RT @elpanjullo: Pelanggan Maxim Kaget, Harga Tarif Lebih Mahal Dari yang Muncul di Awal... Waduh! Ada apa ini? @HermandoKang @PurbaH\xe2\x80\xa6'"
bibil,mual bgt abang maxim bawa mobil kek supir angkot anjj masi mending lagi supir angkot daripada dia'
ğ’‡ğ’‚ğ’•ğ’Šğ’,@spunchb0b_ Sudah report maxim apa semua. Suka aneh aneh drivernya
ğ’‡ğ’‚ğ’•ğ’Šğ’,@spunchb0b_ Sa pre-book ba tu untuk trip esok then dia datang ambil la pastu bawa becerita bahwa aplikasi maxim bagus sekali https://t.co/adXe5bFnjs'
Rita Yuliani,I love maxim wkwkwk'
Taufiq Qurahman,@unilabase Pake Maxim aja kak yang pick up'
rinaa,cinta banget sama aplikasi maxim
Anggri Ncs,"@akunyangke16 Aku juga hari ini gitu lebih dari lima kali, di grab juga gitu ga dapet dapet terus, pas pesen maxim sekali pesen langsung dapet https://t.co/Hgo9Lwluw9'"
Lia,"temen w naik maxim tabrakan sampe luka jahit cobaa, si bapak waktu ditanya mau ke puskesmas apa engga cuma diem aja https://t.co/lgZWcM6HbW'"
ğŸŒ›,@UPIfess Naik maxim aja nder cuma tiga puluh lima ribu
"seaa, free tag",Maxim dategnya lamaaa. https://t.co/rso1N7UYnS'
ğŸ´ Haramkan Nikah Bawah Umur ğŸ³ï¸,"Tadi naik Maxim, driver tanya mengundi di mana. Suda aku jawab, aku tanya la dia balik,  debilang. Tapi ndak bisa kalau samapai kesana. kesel"
PURA-PURA Pintar,"Seneng banget dapet voucher maxim, jadi murahh"
dianatrihy,"@collegemenfess @stressgurli @dwsyyyy tiap pulang kuliah berantem dulu mau naik maxim gocar pa angkot, tpi tetep berujung jalan kaki...'"
keenÂ²Â²,besok anak vokasi sama fikes bakal liat pangkalan maxim di fkh
â’¹â“”â“¦,"Kadang suka kasian sm abang maxim / gojek/ grab klo gua pake headset diajak ngobrol ga nyaut, jd ngerasa salah'"
ğŸš©,Nunggu Maxim buat caww ke pasar guedee https://t.co/H73TM3ho4V'
wada,pusing banget nyium parfum pas naik maxim tadi
trilinguals ğŸ¥¡,@syapadisana maxim aja sini langsung ke nims'
Maxim Bali,"RT @maxim_tgr: Maxim kini hadir di enam kota baru! Kami sampaikan salam dari Selong, Watampone, Soreang, Baubau, Pangkalpinang, dan Maumere."
willy winka,"firdy sambo bilang ""kalian enak jaman sekarang kan ga kaya saya dulu, banyak transportasi umum. naik maxim tuh contohnya"
maxim.malang,"Free Ride Maxim transportasi online di @HasnaMedika Jl. Raya Ki Ageng Gribig, Madyopuro, Kec. Kedungkandang."
Wandiraa,Males banget abang maximnya ngeselin
tomi,"pulang kuliah pesan maxim, eh ternyata teman sendiri haha"
Gus Jul,Kenapa harga tarifnya beda sih sama yang awal pesan maxim @HermandoKang https://t.co/EPKxGuu2DB'
AtlantisğŸŒŠ,Uangnya buat ongkos maxim aja ya gak wkwk'
transonlinewatchcom,Kalo kata temanku maxim murahh https://t.co/oF0eAZMqcq'
Kendari Pos,"Sambangi Maxim Kendari, Jasa Raharja Edukasi Program Pencegahan Lakalantas https://t.co/IhNMonB4Lz'"
à°‡ â—â€¿â—œ à°‡,"@teecoffee_ yas pc dia harganya bisa buat karaoke, mam enak, naik maxim jadi tidak perlu khawatir"
ekii,udah siap banget besok pagi pesen maxim wkwk
el || â˜ƒï¸ğŸŒ²,Si kuning maxim drivernya kebut kebutan
rezkans,Selama ini cuma mendengar dari kawanan bahwa ada gocar atau grabcar atau maxim yang gabut padahal orkay dan tadi malam merasakan
Childish,Mampus ini maxim gaada yg mau masuk.. Baliknya gimana dah'
rezkans,Untuk pertama kalinya dapat maxim tapi orangnya sebatas gabut
MaximRamadhanKule,@Doro_ly_me @SimonKaggwaNjal Naik Maxim ajaaa
ğŸkinda ia,"RT @Afrodit42944173: Males banget Maxim jahat,,,"
yatim cari duit,Daftar maxim dah'
WCLV Now Playing,"Naik maxim taunya drivernya cuma iseng katanya, mana cakep lagi orangnya"
irbah,@persephonneey HAHAHAHAHA jujur ini yang gua rasain apalagi kalo naik maxim abangnya nyelip2 diantara tronton
âœ¨ğŸ­ğŸ§ğŸ¦‹,Agak nyesel sebetulnya uang hasil SE abis gitu aja. Sebenernya ga gitu aja si buat beli kemeja buat sempro besok. Mana ngga ada yag ganterin. Terpaksa harus pesan maxim https://t.co/rS1oPyq8vy'
Piter Pbr,Hari ini kerja dilewatin gang gang sempit sama abang maxim biar ga macet. Tapi terimakasih abang maxim
Parzival ğŸ‡²ğŸ‡¾,maxim citylight gagal. Aku order dari pukul 9. Lagi 15 minit pukul 12 aku still tak dapat.  https://t.co/gHXeyzJPBt'
naz_,gadapet gojek murah maxim pun jadi
dinn,"tadi sore mesen maxim, ga dapet2 sampe sejam'"
MAXIM.,"Kaget banget pertama naik maxim begini, kurang nyaman sih"
Eddie,"@Waltzesposth Anytime. Aku habis makan sih tadi, kalo kamu sendiri lagi apa? Btw jangan lupa order di Maxim.'"
jarangselfy,@shndsmu Wis maxim wae mah jelas dedett..'
grownupboyx,"@ourbelvummer Itu app apaa dah, maxim? ko murahh'"
ğŸ™„,@faauzil kaya maxim?'
zaaaa,@nasyikes @C0LDBRUU itu maxim avanza kok ada mulu ya'
z.,supir maxim yg mobil kebayakan pada problematik ya
naya,WKWK KTEMU MAXIM GANTENG COK'
dragonniee,"@worksfess Pake maxim, sekitaran 600an bisa kurang tergantung jarak kamuu'"
doradori,"ngerasa aneh baru jam segini udah ngantuk terus ngerasa badan kedinginan, baru inget tadi gue naik maxim sambil hujan-hujanan'"
dyya,mending keliling keliling sama mang maxim  https://t.co/Hs4AZ7NJbq'
Hiday,"Kunci hidup adalah semangat mba, dan beban hidupku adalah semangatku.""Kata Bapak Maxim malam ini...""MasyaAllah. https://t.co/LSuFyHazWD'"
Aphrğ–§·dite,Udah cape kerja dapet driver maxim yang bikin seneng
MAXIM.,@gqrey #KAL Kalau Maxim jadi one and only ngga?
AstroAbqori,@jaykeyhey_ agak lain maxim ini'
steylaaa,baru tau maxim ternyata semurah ini woyyy
Icha â€¢á·„ Éâ€¢á·… ğŸ¨ â¤ãƒ„,"@upilkelabu Waktu itu banyak gojek atau grab atau maxim gitu ga ya disana? Aku bingung akses pulangnya aja. Aku pernah pake aplikasi maxim dan ternyata susah dapatnya, jadi bingung https://t.co/72ojlupfrx'"
rum,helm maxim knp reket bgt we membuatku semakin kopok
majesty,"maxim aneh ya, di aplikasi harganya sekian tapi driver minta ubah harga, alasannya aplikasi belum menyesuaikan degan kenaikan bbm..'"
ferdy,ko aku order maxim tidak semudah seperti orang orang ya
êœ±á´›ÉªÊŸÉªÊá´€É´,Masa nemu maxim minta tipnya maksa
Amirov Dion,@AXXXMVII Maxim apa kabar?'
piupiuu,@rlgxg mau tapi disini gada gojek gada grab gada maxim :)'
pichiuuuu,pake maxim kadang suka ngga jelas titik jemputnya
c. my pinned,Maxim ada di saat dibutuhkan
MaximBandaAceh,"Keuntungan dari Maxim bukan hanya perjalanan yang ekonomis. Kami juga punya diskon untuk olahraga, bengkel, restoran, dan masih banyak llagi"
iaw,@tanyarlfes Lebih seneng naik maxim
ğ™™ğ™§ğ™ğ™«ğ™ğ™§ğ™œğ™ğ™Ÿğ™ğ™ ,@Red13Maxi @detikcom Bisa aja manual maxim'
bersenyawaa,Anjer. Helm abang maxim wangi parfum mantan yg jelek.... yg paling jelek'
Media Konsumen,Sistem Tarif Maxim Seperti Argo Taksi? Gimana nih maxim - https://t.co/iHI1f01VrR CC @Maxim_Indonesia'
newbie,@kemenhub151 kalo yang di screenshot pendapatan saya ini berapa ya potongan komisinya? agak bingung sama maxim https://t.co/OCI6bxGd5r https://t.co/jfamkvBGgW'
(Â´ï½¥_ï½¥`),Pernah pake maxim ternyata murah
OPFOL ğŸ“Œ,-dips! bonus di maxim gini buat apa ya? ada yang tau? terus kalo mau bayar maxim cashless itu gimana ya? -TIA https://t.co/5MFd5K0vYt'
Moc,"Aku naik maxim, nanya ke bapaknya ""dibawah macet banget ya pak?"" Kata bapakya ""ini pake pertamax, neng, jadi nguras mesin"" HAH????' jadinya aku harus nmbahin tip buat abangnya"
BKI ğŸ«¶ğŸ»,"Niat naik maxim supaya murah, eh malah dimintain tip lebih"
ayatoCepmek,"padahal aku dah berusaha ngga mikirin tapi kepikiran karena bapak2 maxim nanya, ""mbak lagi hamil ya?""  https://t.co/1zhU4ZIG3k'"
allysa,Murahan maxim dari Gojek
Imperialman,Males banget maxim ga jelas
MAZ.REY,"@ahgatuu @tanyakanrl Disini jarang Maxim, itu ojol apa food nder..'"
Rin âœ¨ | kinda ia,Bapak maximnya baik banget
artemis | restğŸ‘‹,"@tanyakanrl Gw daftar mitra maxim sih buat sampingan aja, lumayan kalo orderan 3 udh dapet 30.000 tergantung jarak nya,'"
kakiyowo,Kak @berburusales ada promo maxim bandung untuk hari ini gak?'
-,Seneng dapat promo terus setiap naik maxim
Puan Cuan,"@SlbAbc Sampurasun! Ada promo saldo bonus 100k dari Maxim Sukabumi nih! Caranya gampang, tinggal download aplikasi maximhttps://t.co/wABGzO1xbp'"
liaaa,Dapat bapak maxim yang sabar dan baik banget hari inii
akaa,"keren, maxim murah banget https://t.co/hMlRU40mjZ'"
kakiyowo,Kak @i_m_mortal_ aku dapat voucher promo maxim nih
tiiinn!,"@sebongqueenie pasti ada. boleh juga sambil cari-cari diperbatasan jakbar, yang ada rute jakling atatu tj, plus download aplikasi maxim aja, kadang banyak promo https://t.co/B8uGed8dnB'"
Wicaksono IMAM,Ini driver maxim buangan dari si hijau kah? pantesan pada aneh aneh
â¿Âª,"gue berangkat set 10, baru sampe perpus karna muter, udah gitu naek maxim karena kelamaan tua di jalan'"
Khairul,Baru tahu maxim lagi murah dari grab'
LEUXDEJUA,"maxim kenapa sih, padahal drivernya gak ada nunggu sama sekali tapi malah ada tarif waktu tunggu, ongkos jadii nambah anjeng'"
Wahyonosukoharyo,Maxim kenapa suka beda beda gini sih tarifnya. Jelek banget gasesuai aplikasi
Maxim Tangerang Raya,"Saran aku naik maxim aja, murah"
max,"RT @memgrizz: Tadinya juga takut naik maxim karena katanya banyak kejadian aneh aneh, tapi ternyata ngga"
d Ã¯ Îº,"anjrit gw dapet driver ini lagi, mana tadi duduknya dimundurin terus sm dia. ini cara report driver maxim gmn sih https://t.co/wBDEgeIDGO'"
Jenby ğŸ³ï¸â€âš§ï¸,"takut baget naik maxim, gamau lagi"
Fahendra,Hari ini dapat driver maxim baik bangett
Akun kedua dede_gemes,"Tadi pulang sekolah agak lama terus pas pulang order maxim, eh ternyata dapet kakaknya temen gua wkwk"
ten.,"@bloomingro Tak nis. Ni orang lain pulak driver maxim, penatlah dikelilingi manusia psycho ni nis."
ginlopy,@rcvezx makasiii kk maxim'
Maxim Bali,@noldy_v MJB - Yuk kak cobain Maxim. Reviewnya bisa cek di likes kami.
Maxim Bali,"RT @MaximAceh: Jangkau lebih banyak pelanggan dengan mendaftarkan usaha anda di Maxim Merchant, dengan keunggulan-keunggulan yang didapatkan"
Maxim Bali,"RT @cinderilaa: baru tau maxim ada gofoodnya. mana harganya sama kaya kalo beli langsung lagi, nambah ongkir doang sih, 4000 doang."
cdt || â¤â€ğŸ©¹ğŸš¨,@anothersidenela @binchotabin IYA ANJG MAXIM BEDA AMPE 10REBUAN LEBIH'
sythnm.ntiğŸ«§,"@mitheark Atogaaa coba pakeee maxim, lebih murahhh lagi dan di jakarta banyak maxim juga'"
OPFOL,-dips! cara top up saldo maxim lewat transfer bank gimana ya? udah coba search gugel tapi ga pahamm. Tolong diperbaikin dong maxim
Dian Arianti,Masa naik maxim cuma bisa cash
koo the kid,kacau si aneh banget maxim
yumara desayuno,@pablolorido ini aku bisa pake cash ko naik maxim
highlight,"@AdeqAnba baru tau ada aplikasi maxim, besok ah mau coba"
Maxim ğŸ‡³ğŸ‡± GR,hari ini termotivasi dari abang maxim
LIVINGMANâ,maxim keren banget
Ratna Dg Bunga,"agaknya jauh beda ya hargaya dari gojek, mrahan maxim"
Ultra-MAGA Fascist,maxim best dah
Nani Nurhaini,@maxim_cho aplikasi maxim kok gini ya
Nani Nurhaini,@maxim_cho Sering naik maxim karena murah
uncle J,"hujan hujanan naik maxim, sehat sehat pak"
ğŸŒ¥,cara isi saldo maxim gimana min? @MaximBali'
Ngazrizal Zamzuri,Girlfriend : Aku cabar kau pergi pakai maxim baru kita boleh kahwin. https://t.co/NleMGgAd1y'
descull,gemesh ya abang maxim nya haha https://t.co/79UhemLsZl'
panggil aku omiğŸº,foto kemarin kehujanan sama abang maxim https://t.co/m5sO4y4atH'
umrah2022aameen,"@hafsahnazam Akakk try semuaa apps driver kak,, teksi, maxim, airasia, in driver ha apa lagi.. Asal bkn grabbb!! lebiih suka maxim"
ğŸ´Wong Ngapak ğŸ‡®ğŸ‡©,@sizukaah Maxim ojol jaket kuning hadir di cilacap https://t.co/COvAcRIZbR'
v i,"Bye maxim, gua ga bakal pake pake ni apk lagi alias gua trauma berat anjing drivernya kek orgil semua'"
dell,lagi suka naik maxim karena banyak promonya
#ç©ºäº•å¤§å¥½ãï¼~å¹²ç‰©å¥³~ à¸ªà¸¸à¹€à¸¡à¸•à¸•à¸´à¸à¸¸à¸¥,trauma naik maxim
Arlalalalala,@MaximOjek Weh maxim mau cerita dah'
Arlalalalala,"WEH KALIAN PENGGUNA #MAXIM PERNAHKAH KALIAN DI CHAT TERUS2SAN SAMA ABANGNYA? PADAHAL DAH SELESAI ORDERAN, SAMPE DI TELPON JUGA https://t.co/zKy49lgSlT'"
Looybi,RT @looybi: PROMO MAXIM SAMAPAI 50%
transonlinewatchcom,"Pesan Taksi Online Maxim, Penumpang Mengaku Alami Pelecehan Seksual. https://t.co/noHSSD4sft'"
Dyngg,"Lek tak inget-inget, asli ga banget aku lapo senyum nang mas-mas supir maxim ambek dadah wkwk njeeerr.  Ampun ga banget https://t.co/oFH2TNlnrm'"
Agoss,@maxim_robl Terus banyak promo ya maxim
ğŸ¦‹â™ï¸,besok harus pake maxim biar ga salah naik motor orang lagi
gaji,@doletti abang maxim apa abang maxim? ko kayanya deket gitu
Si Paling Soliter,nah motivasi itulah yg mendorong manusia untuk berbuat yah jadi apa itu maxim apriori. Moral manusia selalu ditentukan oleh perilakunya
Lan.,gak nyesel naik maxim
-,"tapi secara logika emang ga masuk sih bayangin ada 4 orang masuk mobil lu trus cuma dibayar 10k, maxim yang bener aja. https://t.co/gvtuxFDGM3'"
babY,"""barusan dapet driver maxim yang cerdas bgt cara ngomongnya tuh KEREN; easy-going :'"""
aufaaaaa,mau coba maxim buat morder makan siang ah
tepen,Kenapa maxim di daerah sunter susah nemunya ye'
Nesya,@maugimans @cim0li @FOODFESS2 Berasa abang nasgor kak haha.. btw aku make Maxim jg udah tahunan sih. https://t.co/eOWUdeMJrk'
(gemi),"@sleepyasfucc pake maxim pak, murah abis'"
stereotypes,"naik maxim, helm abangnya ada sticker One Piece sama Naruto langsung inget dia, bete mampus'"
it's not fine,"Definisi ""berapa lapis?"" ""RATUSAN!!"" Takut gue dibalik jaket gojek ada jaket indriver dan maxim'"
ğŸ…’ila,"*maxim food maksudnyaa, kok gofood sih'"
ğŸ…’ila,aku juga baru tau maxim ada buat foodnya. mana harganya sama kaya kalo beli langsung lagi
bubby,"Sekarang bisa order lewat Maxim ya guys, dan ada promo khusus di Maxim. Letsgoo. https://t.co/9bY0EN6Kqj https://t.co/BG5ZoqMST7'"
MaximBandaAceh,Banyak keunggulannya juga pakai maxim
Rebecca ğŸ°,"rek ada yang pernah pake jasa maxim a? mau nanya nanya, soalnya masih takut"
ğŸ’,driver maxim makin kesini makin gajelas perasaan dulu engga hadeh kualitas parah'
zelğŸŒ¹,@defjeno pas berangkat kalo ga salah 191k ka naik grab (udah sama tol dll) pas pulang aku pake maxim 170k udah sama\xe2\x80\xa6 https://t.co/EXNejp4KK1'
OPFOL ğŸ“Œ,"-dips! Permisi mau tanya, sebelumnya aku belum pernah pake maxim car, kalo dari tembalang ke sukun tarifnya berapa ya? Makasi'"
near ğŸ“Œ,@thestorykids @Stray_Kids jagoanku kang maxim nder https://t.co/eHlKSe9rZQ'
ã‚¸ãƒ£ã‚¸ãƒ£ãƒ¦ î¨€,"@desygenoveva_ Wah tulisannya disensor, sudah pasti itu maxim'"
ğŸ’ƒğŸ»âœ¨,"@convomf Maxim to the rescue ndeerr. Ga cuma di jogja sih, di solo juga ada'"
shaá¥«á­¡,"pesen maxim jam 4 trs di cancel sm abangnya, nungguin smpe jam 5 ga dapet"" sampe ga jadi pergi. untung sabar gue'"
Teguh,"Kenapa tiap liat tulisan Maxim di jaket abang ojol, gw malah ingetnya majalah dewasa yak. Tua banget gua"
o,kecewa sm driver maxim :('
dillaaa,tolong banget ngga mau lagi aku naik maxim
MUHAMMAD RIZKI,"Sebenernya aplikasi ojol maxim tempat gue bermitra itu secara pendapatan paling kecil diantara dua aplikasi lain, grab dan gojek https://t.co/M2njQvctg3'"
ã„¹ğŸ©°INDIGO KOOTAR ARE COMING,"@chagijin @BTS_twt Semoga cocokk, tapi maxim biasanya enak kak'"
Dr Rainchuh,"Sehat terus abang maxim, hari ini full senyum"
uknowla,tiap hari naik maxim mulu astagfirullah https://t.co/JeKwcYhAjX'
zy,@Hafizzmohmad @EijaSignature @doqtahu bincang dgn boss.. dan cuba manage your time..selain grab boleh guna maxim juga https://t.co/ezlWViSkMW'
Mirai Kkot ğŸ‡µğŸ‡¸,@EijaSignature @doqtahu Et nunggu maxim lama banget
lia,"@unnesmenfess Ada aplikasi yang namanya GRAB, MAXIM, GOJEK, pengguna android bisa download di playstore. https://t.co/OZceeTPbZl'"
maz AULIA,"Belakangan di jalanan ko orang pada aneh ya anjir, lagi nuggu maxim tiba tiba ada lah mba2 yg ngambil orang dia yg marah2. https://t.co/H3Ha7Y2VkU'"
Ê É‘ 6 9 Õ² Õ´ Ê,"Udah ga pernah pake Gojek lagi. Gofood selalu paling mahal ga ada promo. Gosend ga ada yg mau ambil, jadinya sekarang pake maxim https://t.co/kK1I7zI7Gp'"
Limì„,@meictwocent @boedakpop Derita 64gb ya mau pesen maxim aja harus lama banget downloadnya
Arsitek Milenial,@akunyangke16 Coba pakai Maxim'
hanyur,edan 30 menit order Grabcaratau Maxim gak ada yang ambil'
~CaptaiN~,"Jana pendapatan dengan perkhidmatan ""Maxim""! Ikuti pautan https://t.co/lAQXYX8Hdk atau masukkan kod promosi DRV109563640 semasa pendaftaran'"
michael leander,"Kalo mau naik maxim ke gue naik aja, tenang aja, bukan dajjal kok yang naik maxim sama gue..'"
cheon seo jin,Maxim nih makin kesini makin kesana yaa. Driver nya apalagi..Udah dapat promo. Masih ditagih harga non promo. https://t.co/ZlWeqqOyUs'
fastresp? klik wa di dm,"Harganya maxim murah banget, jauh banget sama si hijau"
Ë‹,apasi driver maxim gajelas ngentot'
beritajatim,"Ojol Bakal Jadi Transportasi Umum, Begini Respon Grab, Gojek, dan Maxim. https://t.co/2wStdoIhSN'"
tahu kuningmu,@bilasauruss bilaa itu pake maxim ya? kalau boleh tau enak platform ijo apa yg ini?'
nabila mental breakdown era,demi allah abang maxim lama bangetttt'
everythingwithintn,promo maxim banyak
Puan Cuan,"@lalalalisalilyy Sampurasun! Ada promo saldo bonus 100k dari Maxim Sukabumi nih! Caranya gampang, tinggal download https://t.co/KOtxK6jwQG'"
Manusia Terpilih,Asem Maxim tidak tepat mulu tabrakan ama grab mulu dah
Puan Cuan,Pesan food di maxim juga murah
ti,"@Askrlfess Kalau maxim itu Otomatis nder, gabisa atur sndiri. Yg bisa atur sendiri itu indr1ver'"
Askrlfess,eh pke maxim ini bisa atur tarif yg mau dibayar apa sama kayak ojol lain yg otomatis?'
acaa,"akhirnya mandi cepet\xc2\xb2 terus gw keramas emang udh waktunya, habis itu Abang maxim nya udh dateng jadi gak sempet sisiran dulu \xf0\x9f\x98\xad\xf0\x9f\x98\xad'"
Noldy,"Aku ga pernah pakai maxim soalnya kurang menyakinkan sih, krn reviewnya jg kurang menyakinkan. Makanya lebih percaya sama gojek dan grab.'"
michael leander,Mampus maxim.. ga di kasih gue..'
WikiDPR 2,"#Kom5 MAXIM: Kami telah membantu para driver, penumpang juga keluarganya apabila mengalami kecelakaan atau kematian https://t.co/JsCHBDj1Wt'"
ayca,@minewjine lucunya maxim
lea,yahhhhh segala pake ngga bisa nyala motor maximnya
WikiDPR 2,#Kom5 Maxim: ... hal itu akan mengganggu sekali bukan hanya bagi kami pelaku bisnis tp jg bagi para pengguna https://t.co/gQk2VJGD8f'
WikiDPR 2,#Kom5 Maxim: Kami kurang sepakat jika kami diubah menjadi perusahaan transportasi dalam UU LLAJ https://t.co/aD27E5YAmt'
WikiDPR 2,"#Kom5 Lasarus @PDI_Perjuangan #Kalbar2: Kalau Gojek dan Maxim tidak melakukan pemotongan 6%, apa dasar Grab melakukannya https://t.co/20W6tCYhYJ'"
WikiDPR 2,"#Kom5 MAXIM: Idem dengan Go-jek, kami juga tidak melakukan pemungutan tersebut karena kami sistemnya masih kemitraan https://t.co/CDefXrKPqU'"
riskağŸ,"@OOTDFESS Teflon maxim aja nder, karena kualitasnya bagus. https://t.co/YpxhGfUzmS'"
ellianğŸ‘½,"maxim diperbaiki dong sistemnya, masa driver gak gerak gerak tapi estimasi sampai nya jalan terus. https://t.co/H3j1totEop'"
wiar,sangat disarankan naik maxim ketika sedang tiris uang
iyain_,"Maxim murah sih, tapi buang buang waktu buat nunggu nya .'"
transonlinewatchcom,"Komisi V DPR RI menyarankan ojek ojek online seperti maxim, goejk atau grab menjadi angkutan umum. https://t.co/AvXhYUi8g1'"
Rizal Kurnia Nurzali,Maxim nih agak degel gak driver e'
killj | Joki Pinjol,Bingung banget pake maxim anjiirrr kayaknya app perlu peningkatan huhuu https://t.co/eSa3PZ4Jge'
ãƒŸ,@adzra takpelah rezeki untuk abang abang grab or maxim'
Arif,Tolong diperbaiki lagi ya aplikasinya maxim
Amelina,"Mau memberikan apresiasi setinggi-tingginya kpd Gojek atau Grab atau Maxim, dan transportasi online lainnya yg telah membukakan lapangan pekerjaan https://t.co/70FhLw333W'"
Maxim Bali,"RT @MaximAceh: Pesanan makanan gampang kok di maxim, atau mau beli bahan masakan dapur di pasar? Gampang banget ada Maxim Foods"
Fuad Firmansyah,@trimelinda WKWKWK ini apa ca? maxim?'
ten.,Risau ye driver maxim ni kemarin friendly last last mengaku laki orang kesian bini kau di rumah tu la bang kau ni. https://t.co/1yPYCrw0AM'
Maxim Bali,@browniescho MJB - Terimakasih sudah menggunakan Maxim.  https://t.co/i33cMs4hhJ'
Maxim Bali,Pertama kali naik maxim udah gaenak aja
Maxim Bali,@yrpetrichor MJB - Terimakasih sudah menggunakan Maxim. https://t.co/BK1RGX0qOm'
@_@,"@aldyree Maxim dunia, mengantar bocah2 pergi menuntut ilmu, untuk indonesia lebih baik'"
ppirr,Tetep naik maxim walaupun drivernya problematic.  https://t.co/p6NEqlkggH'
sena,b'maxim soalnya murah https://t.co/t7GUzfnUQN'
á¶ YÍ§oÍ¨áµu,jadiin BA maxim please'
Ä‘áº¹p | polstud (semi gap '23),Naik maxim oke sih
FDNF,Sangat amat berterimakasih sama maxim
MESTRE MAXIM sep ğŸ¤ğŸ’šğŸ·,"Ga sia sia pesen maxim, datangnya cepet"
j,"btw gue dpt driver maxim motorna tinggi bgt gila, takut jatoh"
MÃ¼dâ¤®Â¹â´Â³,RT @thestorykids: -tsk Ada ojek Maxim numpang nangkring dulu sambil cari penumpang @Stray_Kids https://t.co/jc8xRF0AFV'
badmood,"""Dear Abang maxim. Bang gantian yuk saya yg nyetir biar ngebut dikit ini kaya jalan kaki lamanya :')"""
Ø˜,"ternyata maxim dari drivernya bisa ngubah harga jing, pantesan waktu itu harganya berubah dari 14k ke 18k https://t.co/rr2YsdRqT4'"
ubi cilembu,Kesel sama maxim yang kaga tau jalan pas lg urgent2 nya kirim paket penting tapi lama
ol,ada yang punya maxim ga huhu'
daisuke.,"@cloudsaday ok, maxim gk'"
Bola,Malah diajak muter muter sama abang maxim
akaa,Maxim penolong disaat urgent
nay â€¢ yg lagi garansi/ren apk prem sabar ya! â€¢,Suka banget naik maxim wee
maxim 38% ğŸ“– ğŸ“– ğŸ“– #BoricNoEstaSolo,Ngga kapok ko naik maxim
maxim,Murah bet ni maxim
deeve.,"Benerrr nder asli lo harus lihat dari 2 sisi jg, bukan dari sisi lo aja, maxim murah biayanya. https://t.co/vRVAzyogtC'"
aufia,"Terus kalo dia bener gabisa nemenin, dia tetep nyamperin dulu mastiin aku berangkat sma siapa dan aman ga. Akhirnya pergi naik maxim https://t.co/0D1ZGgdWd9'"
kieee,"abang maximnya gabut doang, jadi dikasih murah"
akaa,maxim murah  https://t.co/VpVXLuUAUm'
key 2.0 akun flop sama sedikit clean nya key,@micasapie Lagi memikirkan mu maxim'
key 2.0 akun flop sama sedikit clean nya key,"@micasapie Maxim kok cakep, boleh dinaikin ga ?'"
yas,"demi allah iya bgt, supir maxim suka minta argonya lebih gede dibanding yang dikasih dari aplikasi. https://t.co/7hSR2inO6f'"
Nani Nurhaini,"@maxim_cho baik banget bapak maximnyaa, seneng"
Nani Nurhaini,@maxim_cho Gua naik maxim ga kenapa napa ko
Nani Nurhaini,@maxim_cho Murah ya maxim
puffera ğŸ°ğŸ‡²ğŸ‡¾,Btw ada kawan suggest maxim tapi aku berani nak pakai antara sebabnya  ada review tak bagus untuk passenger ladies :( takut ah nak try'
llorente,"First time narik maxim, gw beraniin narik di jam segini, customer nya agak melehoy gitu gw jadi ngeri anj. https://t.co/NhjWfMEval'"
Cece,@gashapun @coganbender artis gojek maxim sm grab yg ribut mulu sm abangny'
Ã†fif,RT @The_MentosMY: @anisjaffar_ @AskRapidKL Sebelum ada maxim biasanya naik gojek
ImZool,Si kuning maxim jadi andalanku
Maxim ğŸ‡³ğŸ‡± GR,Hari ini sekolah diantar mamang maxim
nora,Agak ngeri sih ya naik maxim kalau malem malem
nora,Dimana ya nyarinya maxim'
at least i try âœ¨ğŸ˜š,Semurah murah nya Maxim nggak mau gua pake tuh apk. Skip banget. Ketara mahal sekalian pake Gojek atau Grab'
Indonesia Wonderful Official,Gak mau lagi order maxim
Rajoubalak,"Bingung,knp ya 50rb untuk 2 hari gk cukup, Day pertama naek maxim 20rb,beli 2 botol minum 3rbuan,trus beli cemilan 10ribu. https://t.co/7VN23C3MrP'"
Bukan JKOM,RT @The_MentosMY: @anisjaffar_ @AskRapidKL Sebelum komen pakai otak ler. Aku ni dah try AA ride maxim gak kenapa napa
Subhan.,@Sauki_Futaki @haecven pesen maxim yang dateng temen sendiri'
The Mentos,cobain naik maxim deh
Vi,Maxim adalah penolong setiaku ketika males bawa motor
nanat,aku nunggu mas maxim hampir sejam:('
Danu,"Kalau sopir maxim ngechat 'Tc' tuh artinya apaan ya?"""
ğŸ»,@tanyakanrl tadi naik maxim drivernya subhanallah cerewet bangetttttt'
adameji,@AskRapidKL Grab mahal nau. Kalau dapat pun fare 2-3 kali ganda and kena tunggu almost sejam. Maxim penolong https://t.co/fTWrIjA6nM'
bintangg,"setiap mau pergi liat dulu perbandingan harganya, maxim paling murah wkwk"
gestun fee murah,@snappingonetwo1 @i_m_mortal_ @jamalsmine Emang sering gitu kak Maxim. Aku juga pernah kejadian harganya diubah-ubah.  https://t.co/i82NVLB462'
aletlet,"serem bgt ada kecelakaan persis depan mata kalo kita maju dikit aja neng, kita kena juga kata abang maxim'"
FG,RT @muhamadhayyat: @anisjaffar_ @The_MentosMY @AskRapidKL Pilihan apa yang ada kak? Stuck pulul 11 malam sampai 12. Grab airasia indriver maxim
Mamat bukan Mad!,@anisjaffar_ @The_MentosMY @AskRapidKL Pilihan apa yang ada kak? Stuck pulul 11 malam sampai 12. Bisa dengan menggunakan maxim https://t.co/O65s2me5TK'
Looybi,Maxim suka pada gak jelas
The Mentos,@anisjaffar_ @AskRapidKL Naik maxim lebih murah dari gojek nder
ğŸ§â€â™€ï¸,semoga makin sukses maxim mwahh https://t.co/Z8aByMuiwT'
Zilverescio Margudiliari,Kalo kata abang maxim harus semangat terus
ğŸˆ,"@snappingonetwo1 @i_m_mortal_ @jamalsmine kalo di kotaku sih aku lebi pilih indriver kak, soalnya maxim juga susah https://t.co/f9GZMSJnAE'"
thisisisna,"@satriajendral hari ini aku ada penyuluhan di kampus pusat, berangkatnya aku naik maxim, pulangnya ditebengin temen https://t.co/T4yPjNRlIc'"
BOLA.COM,Masa harga maxim diubah sama drivernya
s,kesekian kalinya ketiduran di abang maxim
ğ™ğ™–ğ™ğ™—ğ™–ğ™§ğ™–ğ™¡ğ™ªğ™£ğ™–,using maxim because i cheaper than grab and usually dapat driver yang sama. now driver ya pun dah familiar  https://t.co/p58Or7RfSH'
ğŸ£,"Sekalinya pesen maxim buat berangkat kerja udah bilang sama drivernya bisa masuk gang agak sempit g pak? Bisa, Pas udh nyampe depan gang malah ga bisa https://t.co/VhZezK15oZ'"
Ayu Dewy Puspa,Urghhh stress sis tunggu Grab Indriver maxim AirAsia ni. Semua e hailing dok cuba. Satu pun takde. Dah dekat dua jam
Partai Gerindra,"Pernyataan tersebut dia ungkapkan saat RDPU Komisi V dgn Dirut PT Goto Gojek Tokopedia tbk, kemitraan maxim, dll https://t.co/TgkjdiFmhx'"
ã‚«ãƒ©ã‚¹,RT @west24_je: \maxim mantap https://t.co/svb6bGTWCr'
Una,pusing banget gara gara helm maxim yang kekecilan'
Slave Corporate ğŸ¦¥,"tadi mau order maxim yang car tp ga dapet. akhirnya kebetulan ujan reda jadi pesen bike aja. pas gue minta helm, eh basah https://t.co/OyBWb7g38x'"
Mutikkâœ¨,"@Ravanelli972 Halo ka, aku mengikuti rulus yg ada di maxim ya. Aku ga melebihi kapasitas juga."
snappingonetwo,@kiyutgurlz @i_m_mortal_ @jamalsmine Berhubung sore kalau jam kerja tarifnya agak menggila kak jadi terpaksa pake maxim tadi
â˜ï¸Ëšï½¡â‹†ï½¡,"dianter jemput abang maxim ke pura kenjeran, kalo nunggu temen yang ada gajadi jadi sembahyang https://t.co/nX45oSYMNn'"
b,"gue juga pernah lagi sama bokap mau balik dari cp mau ke bekasi, tarifnya sktr 90kan, trus driver maximnya ngomong kalau harganya ngga segitu https://t.co/Tf2Bj210g9'"
llorente,"@convomfs Nanya maxim ke temen, karena gw baru daftar maxim https://t.co/3fB0Ku5bdx'"
tcob productions,@ShazrilMeen @nabilfikran10 Gune la maxim murah je'
Pino â€¢ PDKT,@kkohakuwibu Gak sekalian Rinne jadi abang maxim aja'
ekanila,"awal awal bingung banget make maxim gimana, tapi udah bisaa sekarang. Jadi sering pergi naik maxim"
ğŸŒ»,cane lu kalo mau pulang telfon maxim aja https://t.co/XIK3bpwP84'
robby || ğŸ‘»ğŸ‘»,first time naik Maxim kaget liat harganya jauh sama gojek.... biasanya ke rumah teh 18.000 naik Maxim cuma 11.000  https://t.co/vTv7mK0mQO'
Nopla,@UGM_FESS wkwk buka maxim janlupa'
Berita Olahraga,dapet harga murah di maxim
LÌ½ÌŒÍ‚Ì¸Ì–,tp gatau sih gue masih di maxim nanti gue mau cari di tas tapi kemungkinan besar sih ketinggalan
â‚¬lsket,@snappingonetwo1 @jamalsmine @i_m_mortal_ yapp aku suka naik maxim semenjak ngekos buat bolak balik stasiun. https://t.co/zbfPkyhq34'
RubyRed,"RT @snappingonetwo1: @jamalsmine @i_m_mortal_ Ka @i_m_mortal_  numpang curhat sklian info nih yang mau pakai maxim harus lebih perhatian lagi, karen kadang lokasinya ga sesuai"
snappingonetwo,@jamalsmine @i_m_mortal_ Ka @i_m_mortal_  yang mau pakai maxim harus teliti ya karena kadang suka aneh gitu https://t.co/shWrYiPUVR'
Puan Cuan,Ini kenapa titik maxim ga akurat ya
gilga,Lagi pengen naik maxim karena murah
jessss,"Maxim cepet banget, baru order langsung dateng"
puan tri,Naik maxim ngga nunggu lama
ria aja,Ngebut banget niii abang maxim
terang bulan,"Biasanya kalau hujan pesen ojek online bakal mahal, tapi naik maxim ngga"
gasida,"Oke sih kalau mau naik maxim jarak jauh, soalnya lebih murah"
kilaaaa,@livenno @euneirocritic Naik maxim sat set sat set
dinda,@Byeon_baekhyun_ @restricteez gokil maxim
rani putri,Ga nyangka semurah ini si maxim
MaximBandaAceh,"Biar makin hemat naik maxim aja, banyak promonya"
MaximBandaAceh,Pesan makanan gampang kok di maxim https://t.co/C8KJL0tdCZ'
:D,pas di atas motor abang maxim gamood trs liat disebrang kokoh mengendarai motor wkwk yg tadinya cemberut langsung senyum tapi abis itu ya balik lagi'
NolanTV,[Daftar] SEBELUM MENYESAL..!! DAFTAR MAXIM OJEK ONLINE..!! https://t.co/HTr7wsFGTM'
arağŸ€,itu kuning maxim kh https://t.co/aYb3oK35Pb'
trian,ini aplikasi maxim emang kaya gini ya? agak ribet
Yuliayaaa,Semalas ini sama maxim https://t.co/LPm4GOXC27'
llorente,Akhirnya maxim gw udh prioritas'
Tjok Khresna,@anamoelya aku nganggo maxim yo aman ki mbak'
hejo tihang,untung ada driver maxim beginilah tinggal di bali kagak ada motor sendiri  https://t.co/0HzqN6o0lM'
fi,@rommel_maxim murah juga pesan food di maxim
ardtnty,"@aprodyts 65rb kak, tp worth the price kok :) bisa kak pengiriman bisa maxim/paxel. Bisa pilih https://t.co/Te4YwoppOr'"
tarochâ™¡,"sekaraang maxim parah, gamau nerima orderan yg mobil jarak deket dan beralih ke ijoo https://t.co/0QBwrwRY6S'"
Ash(y)_,Sedang berpikir mending pulang naik angkot apa maxim aja'
Manda Spector,MENDING GUE NAIK MAXIM SUMPAH'
"ğ•¾ğ–‘ğ–ğ–™ğ–ğ–Šğ–—ğ–ğ–“, Chel.",Maxim lah https://t.co/Qj9sGmnOe0'
frs,TOLONG PICK UP MAXIM KU AKU MAU PULANG'
Medina El Wardah,"Naik maxim tapi driver lagi pakai jaket gojek. Double agent. Untung ada potongan 10k. Makasih, maxim tahu aja https://t.co/Qc0CzhP5AE'"
americano,"RT @IdSinpo: Bahas Biaya Tarif Transportasi Online, Komisi V Gelar RDP dengan Grab, Gojek dan Maxim https://t.co/MbeV8zEAGN'"
Mas Aye,Mohon maaf @sheilands__ ini dari maxim terus ngomongin air asia apa nyambungnyaaaaa https://t.co/CZeMXS03SO'
Yosh,"hari ini kesibukan aku sudah setara manager, next ak mau daftar ceo maxim'"
sanin,maxim hari ini ngeselin bgt'
ê¦²ê¦²ê¦¸ê¦­ê§€,RT @dalangdigital: Respons Maxim yang nggak basa-basi.'
nurmanjaya,Respons Maxim yang nggak basa-basi. https://t.co/XBVoE7HJHL'
Bola,"Lagi males bawa mmotor, jadi naik maxim aja"
secang13,@maxim_cho Salam kenal ya pegguna baru maxim
nağŸ¥¯,"aneh tadi abang maxim nelpon tp gaada panggilan masuk, gtu trus geter terus sepanjang hp ku idup kek ak bingung https://t.co/nTKEiS2YIV'"
nağŸ¥¯,dipikir pikir ini semenjak ditelpon abang maxim tadi trus hp ku rusak
- tHIRTeEn -,Jantungan dibawa ngebut maxim
Indonesia bersatu lawan Corona,Kenapa lama banget maximnya
Bisnis.com,Asik dapet murah di maxim
Kak Lix.,@yourribssss @Ato9376 @Arifhidayat__ Disini ngga ada maxim
David Wijaya,"Hubungan Kemitraan, Gojek dan Maxim Tidak Potong Penghasilan Ojol untuk PPh 6 Persen... Wah Gojek dan Maxim aman https://t.co/IbBk4pjAmN'"
nono,bila nak pergi nasi ayam mak cili ni. rumah aku ke maxim tu less than 2km je
transonlinewatchcom,"Setiap mau pulang kerja pasti selallu ngebandingin harga, maxim juaranya"
ì•„.,@sidoyanjajan Wkwkwk tp gua kalo zumba naik maxim
Min+,@smithygold @FOODFESS2 aku pake maxim dari dulu  https://t.co/NJtxcr4Icv'
InformaciÃ³n Deportiva,Harga maxim ko bisa murah gini ya
Bisnis.com,"Ojol Mau Disulap Jadi Perusahaan Transportasi, Gojek, Grab, dan Maxim Mau? https://t.co/iSCSiMpK3O'"
David Wijaya,"DPR Sarankan Ojol Jadi Plat Kuning, Maxim Bilang Begini... Hmmm, bakal menjadi perdebatan ini... @adriansyahyasin\xe2\x80\xa6 https://t.co/dv0qcIQ9iz'"
RonalSaputra10,Komunitas maxim banyak juga
LED,kalau naik maxim untung untungan
bellâ„,"@springstar_ km tkang ojek mat?? pengkolan atw onlen? klo onlen km tim grab, gojek, atw maxim??'"
XxÂ·badutÂ·XxxğŸ¤¡,maxim kadang suka error
RamadğŸªnna StğŸªre,"Kok bisa banyak orderan fiktif, kalian jahat yang suka fake order, kami ojol disini cari uang buat kelangsungan hidup, apalagi kadang suka pura pura jadi driver maxim https://t.co/rTSgOebuO2'"
Amel,"Seru amat playlist abang maxim ini, classic vintage music. Tp minusnya doi pke stella jeruk"
Willy,RT @KATADATAcoid: Pengemudi ojol dari maxim samapai gojek sampaikan keluhan potongan 6% PPh saat aksi unjuk rasa di Gedung DPR https://t.co/KfFG4CQSFr'
Katadata.co.id,Ramah juga abang maximnya
ğŸ°,Ini driver maxim suka ada yang narik gojek juga ya
ğ“…­,@cim0li @FOODFESS2 Pake maxim yang murah dari awal pandemi
mumu,"Gue punya maxim, sering dipake juga"
transonlinewatchcom,kalau susah cari driver gojek atau grab naik maxim aja
Ra! REST.,kenapa ya maxim nyasar mulu anjay'
Maxim Bali,"RT @MaximAceh: Kamu lapar? Tenang, kamu nggak perlu repot masak apa-apa! Pesan makanan favorit kamu langsung di aplikasi Maxim."
RamadğŸªnna StğŸªre,"Semoga ada rezekinya buat beli jaket ojol Maxim, biar jadi akun prioritas'"
Maxim Bali,Titik maxim suka ga sesuai
bundle of joy,@ezash tapi maxim masih belum pake ewallet
Vian,maxim baru bisa cash ya?
(Â´ï½¥_ï½¥`),Pengen naik maxim tapi banyak orang yang bilang katanya kurang nyaman
KLAsik driver,Harga maxim murah banget daripada gojek
Ares,Yang penting yakin kalau naik maxim mah
à¸­à¸²à¸£à¸µà¸¢à¹Œ à¸à¸¸à¸“à¸“à¸²à¸§à¸£à¸£à¸“ğŸ¥,Bisa ngga si abang maxim ga usah aneh aneh
Adel,tadi aku naik maxim tapi helm nya gojek  https://t.co/XxGrU16qlv'
i am dinosaur,hari ini aku berangkat sama mas maxim lagi'
_jeongjaehyun,sedang otw bersama mamang maxim rosi ku'
~Bibin,emang kalo pagi paling bener naik maxim
harris kristanto,gapapa problematik yang penting murah
sa,"@aishiteiru_u @anginapectorist @FOOD_FESS Bisa pake grab, gosend, Maxim kak, kalo cod di area Ums sama colomadu'"
e lÃ¡ura arsh,"@amaaavr @moonareas ohhh gw inget, dlu gw pake maxim kann terus yaudah biasa aja"
17 of 355,sabar banget ini nunggu maxim dateng
dilladil,tumben maxim cepet biasanya lama
Maxim Rommel,app maxim tolong diperbaiki ya
Ruby,@FOOD_FESS Maxim punya aku suka ngga jelas
key,"@undipmenfess Haduh udah tau gojek atau grab mahal kecuali klo mau bayarin silahkan, gua mending naik maxim"
ğ’†ğ’‹ğ’‚,"diperjalanan pulang ngantor tdi ngobrol sm abang maxim , cerita"" soal kehidupan. lah malah mewek sendiri  https://t.co/4F9Z1PbG0B'"
Danastri ğŸº ê¦¢ê¦¤ê¦±ê§€ê¦ ê¦¿ê¦,kok replies-nya pada bilang Maxim bagus sih?!?! I have so many questions https://t.co/0NcQMufuoy'
Eko Nugroho,"RT @kumparan: Dari tiga aplikator ojol yang hadir, Maxim mengaku kecewa Menhub Budi sempat revisi aturan tarif ojol. "
DetikFinance,Seneng dapet tarif murah dari maxim
à¸­à¸²à¸£à¸µà¸¢à¹Œ à¸à¸¸à¸“à¸“à¸²à¸§à¸£à¸£à¸“ğŸ¥,Maxim bisa diandalkan kapanpun dimanapun
Bisnis.com,"Potongan Driver Ojol Tinggi? Gojek, Grab, Maxim Beri Penjelasan https://t.co/DuJG0wD0Fi'"
Gita,"@dilaraniterus @worksfess Wih keren, di gojek apa grab itu kak? Apa maxim?'"
mei,coba seminggu naik maxim buat aku ngelampiasin emosiku
urgirl,@heyCh1l Aku udah punya akun maxim :('
acil,@rvkmlln Kak ga mau nyoba di maxim? Dapet saldoo 100k pengguna baru dan wajib pake kartu smartfren  https://t.co/GhiqzL29yP'
Udins,@YouKnouWho @kobokanaeru akhirnya sadar sering melanggar maxim'
Lrlatif,Beneran dah.. gw megang cash gegara mau naik maxim doang https://t.co/aweWrXsKf5'
Fred Si Ikan,maxim kenapa gabisa cashless sihh
delta,titik jemput maxim agak sulit dimengerti ya
Yoon see ri,@gossipgirlsxme @llabatul @cim0li @FOODFESS2 Hampir sering pake Maxim aman alhamdulillah https://t.co/YSZpTNu54x'
Grace | Forever Huta & Peniel,Selalu percayakan pada MAXIM. Ga semahal aplikasi lain
yaya,"lagi sibuk kira duit maxim bisa non tunai, mana ga megang uang cash"
fajar online,"DPR Ingatkan Gojek, Grab hingga Maxim Jangan Eksploitasi Pengemudi Ojol! https://t.co/wWATNh5wtJ #AplikatorOjol #DPR #HamkaBKady #OjekOnline'"
f,"@convomf indrive, kalo maxim pernahnya ngirim barang'"
~,"Bener banget ya, aku ngerasain sendiri pas ikut suami merantau ke jakarta, cuma bawa HP install E-Wallet. Trus pulang naik maxim. Eh ternyata ngga bisa"
pom pom gurls,@samarindabase Yaampun yang paling nonstop make maxim itu dosen dosen kan @bibintang13'
Brie,"@tanyakanrl Mau murah pake maxim atau supra, itu udah bagus menurut gw. Mau mahal pakai carote atau debbelin.'"
N/A,"RT @Bisniscom: Gojek, Grab, Maxim Diminta Patuhi Potongan Biaya Aplikasi 15 Persen https://t.co/7ZjOeRGSTT'"
Bisnis.com,kalo naik maxim malem suka takut
-,Maxim selalu di hati
vid mabaÂ²Â²,"tolong min @Maxim_Indonesia app nya diperbaiki lagi, eror tadi masa bisa keorder food dua kali:) dibatalin gabisa, thanks'"
dilan22,maxim ga kira kira murahnya
treaaaaa,"lagi hujan gini mau pulang akhirnya pesen maxim, untung ngga di cancel"
Aidar Nurul Syahwal,"@catchmeupid Jd inget mbak-mbak bawa mobil terus lempar udud ke jalan, uwe lg pake maxim, terus uwe teriakin , elah malah emosi https://t.co/vdzfxcMf8B'"
ScoobyDoo,"Jadi inget tadi sore naik maxim tapi bpk""nya pake jaket grab, terus pas turun aku bilang makasih, bapaknya langsung seneng banget https://t.co/vMyKVUySsi'"
êœ±á´›ÉªÊŸÉªÊá´€É´,Daripada naik grab mending maxim
sana - chan. ğŸ±,@LUNERP Order maxim kenapa selalu lama
SINPO ID,Seneng banget kalo abang maximnya dapet yang ramah gitu
Solopos,"Gojek, Grab, dan Maxim Bahas Tarif Ojol Baru di DPR https://t.co/2AIL8ceoiF'"
partofanggita,"Btw tadi aku order Maxim kan mau kirim Dokumen, eh ternyata nama drivernya sama kaya nama depan kamu wkwk'"
rik || gonna meet BANGCHAN,Alhamdulillah naik maxim aman
satyull,@celinespacee @UGM_FESS hehe sebelumnya pas aku sendiri ke sana masih pake maxim si...sekarang udah bawa motor sendiri https://t.co/5fA9zIa1VY'
dirağŸŒ,@ur_teacup AH ANJ. Masa gw nangis di maxim sih'
Wndaaa,Murah pol ni maxim
BokClimber,Ko bisa maxim semurah ini
Katadata.co.id,Maxim menjelaskan organisasi untuk para aplikator ojol ini seperti Organisasi Angkutan Darat (Organda) https://t.co/CdAFgJuPuF'
List Promo Jualan,Lumayan naik maxim beda tiga ribu
drea,"Driver maxim kadang suka ngga pake jaket, jadi bingung"
Lindaa,Seperti biasa pulang bersama si kuning maxim
WikiDPR 2,#Kom5 PT. MAXIM :... masalah komisi. Komisi di mana paling tinggi itu ditetapkan 15% ada di diktum 8 KP 667.  https://t.co/0ilSRDosLl'
wes dadi emak,Masih pagi udah kesel sama maxim
tara,Kenapa baru tau sekarang si maxim lebih murah
Carolinda,@smithygold haduhhh dibuat bingung sama titik maxim
ree,"Gapernah bisa mau pake maxim, soalnya aplikasinya kurang responsif"
wina,susah banget cari driver maxim
caroline,gimana sih ini cara make maxim
hesti,"bisa bisanya abang maximnya nyasar dulu, padahal titik jemputnya sudah benar"
disaaaa,"kata orang maxim murah, ternyata bener"
ULTRAMILK COKLAT,agak males pesen fod di maxim lagi
Red,"kalau ngga karena murah, ga mau pesen maxim"
belle,harga maxim ga kira kira murahnya
Luna,lagi beralih dari gojek ke maxim
ria.penggemar shopee,pesen maxim buat food eh malah ga bener
marimas,"@samarindabase @SamarindaUpdate makai maxim, tapi udah wisuda 1 tahun lalu'"
@hazmifor_,ini maxim murah gini ngga nipu kan yak
@hazmiforDPR,@wikidpr #Kom5 PT. MAXIM :... biaya penggunaan aplikasi atau itu murni hanya komisi biaya penggunaan aplikasi itu https://t.co/7ZITYqSILi'
tasya,lagi cape banget eh dibuat kesel sama maxim yang lama banget
rizariz,driver maxim bawel banget
yipiii,kalau mau murah pake maxim
roni,"coba naik maxim car lagi hujan, harganya tidak naik terlalu tinggi"
susukentalmanis,emosi banget sama ni aplikasi maxim
ronikat,abang maximnya keren
rasiii,kemarin naik maxim pertama kali langsung dapet drier yang ramah
Maxim RaizğŸ‡®ğŸ‡±ğŸ‡±ğŸ‡»,maxim gak jelas
Sa7da's ğŸ“,@diethingy Aku maxim https://t.co/kEUSjmjfMB'
dike,suka bingung kalau ngga ada cash tapi mau naik maxim
Fii ğŸ’¸ RT LIKE,Ini bisa cashless pakai maxim ko
Bisnis.com,Gakuat naik maxim
rezaaaaaaaa,andalan aplikasi ojol murah ya maxim
apaan dah,murah meriah bersama maxim
grienthi's,agak kaget kenapa maxim harganya jauh lebih murah dari grab
freeong,@samarindabase aku pake maxim trs tp domisili lg ga disamarinda'
matchaâ˜˜ï¸depan mu,nunggu abang maxim tersayang haha https://t.co/wjJsCsVXyM'
Desy Tri W,Udah langganan maxim banget ni
IG: @redevils.revolution,selalu pakai maxim karena lebih murah
Mary (THE DEAL IN MY PIN),RT @thestorykids: -tsk Ada ojek maxim cuma iseng
nnn,naik maxim selalu nyaman
boky1,abang maxim kenapa ngga bisa tepat waktu sih
silenciooo,"ngga mau lagi deh kalau disuruh pakai maxim,, mending naik gojek atau grab aja"
hilman,@firdaoctafsafin @llabatul @cim0li @FOODFESS2 grab kadang harga nya emang lebih mahal dari maxim sih.
ndaruja,Selalu dapat maxim yang baik
Wikita,titik jemput maxim dibenerin dong woy
ashgrey,@jembermfs daftar maxim aja mending'
jenoya,"udah ah ga mau naik maxim lagi,,,makin kesini makin kesana semakin aneh'"
Josan,"#Kom5 Maxim : Ketentuan tersebut di cancel, akibatnya harus harus di reset sampai akhirnya berlakulah yang KP 667  https://t.co/ro8nEdOwtU'"
qia,hujan hujan naik maxim
irfan,maxim meresahkan
Wandaaaa,maxim adalah aplikasi andalan perojekanku
Vanilla,best maxim mah
Maxim Tangerang Raya,"Maxim mendukung perjalanan yang aman! Jika kamu naik motor - wajib hukumnya pakai helm, jika naik mobil - jangan lupa pakai seat belt https://t.co/dI5QTNwmhm'"
Aizul Zulkhaidi ğŸ“,@seketul_amm Dekat dgn area maxim je ni
#IDNWorldSBK â€¼ï¸,"endingnyaaa, aku nungguin angkottt, tapii angkotnya bener benerrrr gaadaaaaa. trusss ywd, aku pesen ojek maxim aja, https://t.co/QJRYSIPb1Z'"
Ø˜,maxim aplikasi sesat. tiba2 t order 2 driver dan nda bisa di cancel anjr.'
antaranews.com,"Menurut pihak Maxim, organisasi yang berisi para aplikator diharapkan bisa mendorong keterlibatan mereka https://t.co/2hJNDBnsiH'"
PARTOWIJOYO,Suka depet murah pake maxim
Tim Kardashian â„¢,"RT @kumparan: Dari tiga aplikator ojol yang hadir, Maxim mengaku kecewa Menhub Budi sempat revisi aturan tarif ojol."
kumparan,"Dari tiga aplikator ojol yang hadir, Maxim mengaku kecewa Menhub Budi sempat revisi aturan tarif ojol.  https://t.co/lfx6c7byPi'"
raziii,ugal ugalan ni maxim
WENA,untung msxim ga susah disini
pacar hc | yg mau unfol bleh,maxim nunggunya lama
rezi,sepajang jalan dibuat ketawa mulu sama abang maxim
Kompas Ekonomi,"Soal Tarif Baru Ojol, Maxim: Ada Aplikator Lain Pasang Komisi Tak Sesuai Aturan Kemenhub https://t.co/KK3D8OrwcI'"
Noah.,"@convomf Maxim gak bisa dipake disini masa, inDrive adek tingkatku suka pake dan bisa nego ya katanya'"
Russianclimb,"sepanjang jalan banyak ngobrol sama abang maxim, sukaaa"
michan,@ardianto_624 Dr sana dptna go bukan maxim'
N F,Niat pake maxim biar irit malah nyasar hahaha sama aja. Maps nya maxim geblek bgt dah'
à¼º lid,maps maxim suka ngaco
deaa,jadi telat karena drivernya nyasar
zea ÊšÉ,"abis naik maxim, eh nabrak motor "
Maxim ğŸ‡³ğŸ‡± GR,murah maxim
MaximBandaAceh,"Kamu lapar? Tenang, kamu nggak perlu repot masak apa-apa! Pesan makanan favorit kamu langsung di aplikasi Maxim. https://t.co/D0PYVzUYq8'"
r i b i,"@convomf aku tim maxim, walaupun lama banget dapet drivernya kadang udah dapet eh dicancel.'"
Aerthâ€“Lesia.,@convomf inDrivee. belum pernah nyoba maxim sih.'
pacar hc | yg mau unfol bleh,yang penting maxim murah
bambi,@convomf Indrive murah tp agak lama nunggunya. Kapok pake maxim
dipsi l(ala) poo,@convomf maxim sih'
Ù‹,@convomf maxim kalo sekitar jakarta tu cepet dapetnya tapi kalo udah tangerang ya allah lama sekali'
167km/jam,@llabatul @gossipgirlsxme @cim0li @FOODFESS2 Sama aku juga pake maxim.
Marshall k/ia midterm exam.,"Gue mau nangis sejam disini nunggu mau pesen Maxim gak bisa, grab juga gak bisa, gojek mahal bgt gile.'"
transonlinewatchcom,"Sampaikan Usul pada DPR, Maxim Keluhkan Kebijakan Pemerintah https://t.co/sigSkV339g'"
ine,maxim sekarang udah banyak ya seperti gojek dan grab
Corporate Slave with Palugada Job DeskğŸ˜,@samarindabase Sayang range gw kaga masuk tapi gw always pke maxim setap hari
ğŸº,"aku waktu itu nyoba pake maxim, kurang suka. Jadi balik ke grab"
cerita sy.,kemaren kemaren tu baju belakang mamang maxim nya kena eskrim.. trus aku gabilang tp aku ksih tip'
Dewi Ariyani,"Motor dirumah ada dua terpakir, tapi bisa bisanya maxim dan grab tetep menjadi pilihan."
tarochâ™¡,"degdegan bgt anjir, parah uts jam setengah lima, jam empat baru pesen maxim. Untung abangnya ngebut"
Shinchan AbuAbu,naik maxim dan dapet driver udah sepuh. Well semangat kerjanya
SAMPAI JAUH,@FOOD_FESS aku pake maxim yg kayaknya udah punya nama dari dulu'
arkala,@minewjine lucu banget maxim'
Notyoufav.,"harus sabar kalau mau pesan maxim, karena kadang lamaa nunggunya"
kq,"dapet gratisan maxim tapi ga dapet2 dah, emng paling bener naik gojek lh'"
blueeezy,yu maxim bisa yu bikin cashless payment'
naufal,nyasar lagi aja pakai maxim
akaa,@moviemenfes naik maxim ga boros karena masih terjangkau tarifnya
rachel,maxim error disaat yang tdk tepat
dewa,semiggu ini lagi suka naik maxim
LğŸ¥Š,mending order maxim food buat makan biar murah
nara ğŸ¦,"jadi kalo misalkan aku gapunya kuota jd ga pusing atau khawatir gabisa pesen maxim, soalnya kan ada motor sndiri'"
nara ğŸ¦,"lagi) :((( ya salahku juga si, aku juga minta buat ga bareng sama dia pas pulangan karena aku mau naik maxim, alias gamau ngerepotin https://t.co/Zeo8V5TuUX'"
nara ğŸ¦,"mau bisa naik motor krn bisa kemana mana tanpa harus ngeluarin duit buat maxim, apalagi maxim sekarang tambah mahal. https://t.co/FiePbgL6Ju'"
ğŸ§ğŸ¶â¤,@ezash Tapi kenapa maxim bayarnya masih cash?'
Sho,maxim murahh
kentang wisuda September 2023 ğŸŸ,@FOOD_FESS Maxim bagus shayy'
Dra.Sri Rahayu PDI Perjuangan,Maxim banyak potongan tarifnya
Help rt pin ğŸ“Œ,kesel dah sama maxim
rin ğŸŒ¥ï¸,@sbyfess Maxim pernah dan aman'
rarağŸ”®,Gw lagi naik maxim tiba tiba kebelet kentut pliss mau gw keluarin takut bunyi tapi kalo ngga gw udah kebelett
asnhana/||ğŸ’—,Maxim suka pada nongkrong depan kampus
á•±â‘…á•± ara is seeing skz ğŸ«,Info driver maxim yang bentukannya kek gini dong https://t.co/lNnL08H3Wz'
isael.,@titiklumpu de jadi supir maxim aja dulu koneng-koneng.'
rens,"@laraspjg naik duakali lipat yaa, parah bgt, naik maxim baik baik drivernyaa"
laras pnj,"@renfrnd Bener ih, dulu bisa cuma goceng paling mahal ceban buat ke kampus sekarang mahal padahal dekett. Pake maxim ajaa https://t.co/d8j3wmOEaq'"
t-rex,Alhamdulillah dapet dari apk Maxim:) https://t.co/UpVzi5xzWL'
cici cici galak é»„,@FOOD_FESS Maxim bagus kokkkkk
ğŸ¥€,Harus dihadapi dengan emosi. Mau dibilang maxim harganya murah tapi ngga gini juga https://t.co/0KZI2XEngc'
ta,@FOOD_FESS maxim harganya ditengah tengah dan paling worth it sih'
Bumi Mataritama Konstruksi,"ngga semua maxim ngga bener ko, aku selalu aman"
ê§‹ê¦†ê¦¤ê§€ê¦ê¦ƒâœ¨ğŸŒ¼,@FOOD_FESS Maxim udah terpercaya sih.
je.,"gua naik maxim, abang abang nya pake moge, yaAllah harus menahan keseimbangan biar ga nyusruk trus meluk abangnya'"
the Astronaut's wifeâ· â€¢á´—â€¢,@yaudahyadek Konon katanya itu maxim.. Jadi murah https://t.co/NjlZG4aqpm'
MÅ©rÅ©thi wa Gakenia,Naik maxim harus siapin uang tunai biar ngga bingung
iya,@ezash Tidak dengan pengguna Maxim.. alias dompet penuh receh setiap hari'
an,@FOOD_FESS Andalan ibuku si maxim nder
fabiru,lagi bucin naik maxim
Bumi Mataritama Konstruksi,"go send pake maxim murahhh, cepet juga"
nadin punya freebies buat stay,laki gue kayak driver maxim https://t.co/JshkofJcM2'
Diky Murdoyo Rahadia,"@Maxim_Indonesia Dear team maxim, saya sudah mengganti nomer HP. Namun saya tidak bisa login karena meminta password https://t.co/GDIT8yL1jN'"
nini,@pitzalicious Naik Maxim kadang-kadang nggak nyaman karena drivernya rude. Aku sih terima mahal di gojek. https://t.co/YqFMn3jMSk'
ini cilup,Jarak jauh di maxim juga ngga terlalu mahal
Mary (THE DEAL IN MY PIN),JAKETNYA MIRIP BANGET AMA JAKET MAXIM WOI WKWKWKWKWK'
pi ğŸ•,Kadang suka ga jelas aplikasi maximnya
met,"@ArAris95 Sama.. tpi ya gak apa, harga nya kan murah..hitung kasih tips buat babang maxim..'"
bacot.,"kan kalo nunggu angkot kaga ada yg lewat, giliran udah mesen maxim angkot pada lewat'"
RIS,Sering pake maxim tapi drivernya ga ada kembalian hahaha'
pi ğŸ•,Suka pesan maxim soalnya tarifnya murah meriah
Rona,"pake jasa maxim itu murah banget, kita juga bisa melakukan peningkatan biaya biar dapat drivernya.  https://t.co/KHElGM7cNE'"
Anting tingtingting,"@cim0li @llabatul @FOODFESS2 Ooh wah aku keliru berarti, maaf maaf. Maxim emang murah  https://t.co/t75QESMkFZ'"
Call me Pras,"@nevermindf_ @gossipgirlsxme @llabatul @cim0li @FOODFESS2 Bukan Maxim yg itu kak, ini maxim ojek online"
` ikeu's day-3,"@rikiluvrara yee i pun tengah pikir juga ikalau naik maxim kan pergi aja dah berapa, pasti maxim mahal  https://t.co/Fpfxq0koHv'"
Anting tingtingting,@llabatul @cim0li @FOODFESS2 Jauh bgt perbandingan harganya. . Maxim murah banget https://t.co/i5hdmNotDu'
samm,@coganbender maxim emg problematik bgt gasi:( jujur aku juga sering ngalamin kek gini'
mcdcriedfricken,@llabatul @cim0li @FOODFESS2 Maxim emg jelek bgt nder. Kapok deh maxim https://t.co/bgatxL82OR'
Cimoli,"kalau lagi harga normal sebenernya maxim sama aja sama gojek, tapi masih lebih murah maxim sedikit"
0oday.s,semalam aku dengan temenku pulang dari bazar beauty mau ke mcd mongonsidi naik maxim car. https://t.co/QO6rwXWeXd'
kale.,"@gossipgirlsxme @llabatul @cim0li @FOODFESS2 tapi emang maxim paling murah kak, ya lumayan lah kalau dibandingin gojek sama grab'"
Maxim Bali,@rockintari @Maxim_Indonesia Btw perjalanan kakak menggunakan maxim telah dilindungi oleh santunan kecelakaan YPSSI. https://t.co/daecsPAPWD'
dio,pesen maxim tapi ternyata malah nyasar
Maxim Bali,@cil0ktulus MJB - Di Maxim terdapat biaya waktu tunggu setelah lima menit pertama https://t.co/eR0do0ctat'
F I T R I N I S S,@FOOD_FESS Maxim bagus sih ga abal
Maxim Bali,"@vinonandri @maxim MJB - Mohon maaf atas kejadian tersebut. Jika kakak mengalami kejadian tak menyenangkan pada maxim, silahkan hubungi pihak kami https://t.co/4U2kyU4Og6'"
Crush on you,aplikasi maximnya error nih kesel
Na,"hari ini diingatkan sama bapak driver maxim: ""pekerjaan apapun kalo kita ikhlas dan menikmatinya akan menyenangkan https://t.co/ABPYHP40Le'"
justbin,lokasi driver maxim kenapa jauh banget ngejemputnya
junyğŸ€,@FOOD_FESS Di rumah sering pkai maxim
barbie giveaway,tiap naik maxim nyasar mulu
arii,demi Allah gw masih gk ngerti gimana cara ngisi saldo maxim biar jadi cashless GITU LOH
notfound,"bisa ga yaa harga maxim tuh jadi lima rb aja, bangkrut lama"" kalo gini https://t.co/iJtVhUrYxu'"
andikaaa,dikotaku maxim masih sedikit
enaa,"Sumpah ya maxim. Driver pertama gada kabar, driver kedua malah nyasar gatau kemana, driver tiga lokasinya nya jauh bgt. Ngapasiii https://t.co/xMbG84aa9N'"
Izz,@missjayseong dulu zaman maxim baru lagi selalu juga pakai tapi ada yang ngga aman dan susah di dapat. https://t.co/ByJ6q0p4lA'
Cimoli,@FOODFESS2 Ini maxim kan? Emang jelek nderhttps://t.co/novpbgMiE3'
akaa,"ya Allah, udah hari senin aja. Kembali kerutinitas memesan maxim ke kantor"
Asal Jeplak,aplikasi maxim masih kurang bagus tampilannya
ã‚¢ãƒ™ãƒ«ğŸ‡«ğŸ‡·ğŸ‘®,naik maxim selalu suka karena murah
Aak,@Maxim_123456 Buat ngasih edukasi supaya maxi ga aneh aneh
camembert cheeseğŸ¥›ğŸ¼ in her britney 2008 era,terus ni si maxim agak nya agak aneh
dea,kode promo maxim biar dpt diskon apa ya. susah bgt aktifinnya'
naissance,"@SugengMesdianto @Kakeane17 @tvindonesiawkwk udh ketahuan itu lokasine, di Semarang Utara. Kesana bisa naik bus bentar habis itu naik maxim yang murah https://t.co/BtAeHxKe61'"
juju,"tadi dapet driver maxim car yg enak bgt diajak ngobrol, duh sayang gasempat tukeran ig'"
Chell,"Pernah diginiin sama abang maxim, mana abangnya ramah dan seru banget, sebagai tim act of service tentu saja baper wkwk https://t.co/fTdHPVyCMU'"
Drw William,naik maxim yang mobil ga kalah nyaman sama gocar
í”¼ì•„,"TMI for today, abang maxim nyetel lagu ginian di mobilnyaa. Padahal nih lagu gamau gua denger lagi selama perjalanan https://t.co/dkOO3p81rx'"
raairak,"naik maxim hari ini, helmnya bau bensin krn ditaro dalem jok https://t.co/l00foblNWR'"
Dublin,@coganbender Ini apa? Maxim?'
kizu,Tadi babang maxim nya asik juga diajak ngobrol
peachyâœ¨,@pakbamban9 mana sini kirim pake maxim'
arin\â·,driver maxim tuh punya masalah apasih'
larr,"GUE NANGIS BGT PUNYA TEMEN BAIK BGTTT,  beneran nangis bgt di maxim kok bisa ya gue punya kenalan sebaik ini padahal tadinya gak kenal https://t.co/nSDgjBK2VQ'"
putrğŸŒ·ê¹€ì •weus,tingkatkan terus si kalo bis layanan maximnya
bestpart,"seneng baget pake maxim udah cepet, murah juga"
tweetfess,RT @jnadnad: @Maxim_Indonesia kualitas pekerjanya maxim beda dari sebelah.
bolaskor.com,"Lama banget nungguin maxim ga dateng dateng, udah tau lagi buru buru"
karsa.,Murahan maximlah jelass
piko Ëš à¼˜â™¡ â‹†ï½¡Ëš will meet enha in BKK,@missjayseong yeee tapi maxim susah dapat driver
Aisha,@puargue jujur dari awal mau pake maxim tapi bingung deh masa nama tmpt di mapsnya kek bahasa asing gitu'
Mas Ndeso,@hantsutomo Pilih maxim yg murah'
kala,"maxim dong, gojek aku beralih dari mu'"
aca,"Baru pertama kali pake maxim karena driver gojek jam segini enggak ada yang take terus kaget, driver maxim sesantuy itu https://t.co/vJZb9x2SzT'"
ğŸª assa,"hari ini kenapa si, dibawa driver maxim ugal ugalan bgt mana bau alkohol ya allah takut'"
ğŸ–¤ha'inğŸ–¤,"@missjayseong jauh bedanya sama grab atau gojek, murah maxim"
Mas dwi,@Crisyeyk Pake maxim juga bisa lebih murah biasanya
Lord Fito of Foreste.,Beneran ngebayangin Maxim kaya yang di video'
ya,"@missjayseong yess izz, i kat sini pon selalu guna maxim, but if naik maxim becarefull okayy kalau sorangg'"
izzah,"maxim car murah nyaaa dari grab, maxim car cuma tujuh belas ribu"
Ika,ternyata enak juga ya full seharian maxim lyfe tuh
-,"@menjadipemalas awalnya udah pesen grab, gojek, maxim gada yang nerima. terus sinyal tri ilang. yasudaaaaaaa untuk yang terakhir bisa pake maxim'"
barat daya,Kenapa ya beli maakan di Maxim disini kebanyakan warungnya tutup hem kek males banget kasian drivernya aku cancel terus https://t.co/7KgVbrL8iT'
ğ’“ğ’‚ğ’•ğ’–ğ’–,@pitzalicious RILL BRO INI EMNG MAXIM PARAH :('
Asep shelby,@UGM_FESS Temenku tadi pake maxim nder'
furi,"@atzmigi ku tadi pesen maxim, cuma emang nunggu drivernya harus dengan dada yang lapang'"
sya.,@unokensho Coba ah besok pake maxim
titatitu,dua hari yang pake maxim berangkatnya doang wkwk.
Apostropheâ¤ï¸Doverâ¤ï¸,broh sy loyo ini perkara maxim ga dateng2 yalort:((((((('
nia,"@albedyo im ok gitch, makasiii!! tadi sempet aus+mau lemes pas ngantri busway yg padett bgt jadi aku naek maxim aja ke mrt terdekat'"
Tuna Kucukoztas,@nocontextfooty Kalo lagi gapunya uang suka pake maxim
nia,@raindezvous123 pulangnya agak drama karena minumku abis+mau lemes dan ngantri bgt. Untuk maximnya cepet https://t.co/4mqBAubpeo'
keyi,@minewjine titik lokasi maxim suka ga akurat
azylee,Ya Allah maxim'
aveeh,@minewjine mauuu donggg jadi temen baru maxim
un di ne,Kesel banget masa maximnya yang lama gua yang kena omel https://t.co/KvK8ij7Unl'
Rachel,Kapan si maxim ada ewalletnya
rian,Gak tau ya kenapa belakangan ini lebih seneng pesen maxim
a i d e n,"njir beberapa kali gua dapat driver maxim yag ternyata kating :')"""
yuka,naik maxim abangnya asik banget weh
j o e,Seneng banget kalo pesan maxim drivernya baik dan ramah banget
xxnbilla,"harga jauh beda naik maxim, lebih murah pol"
nia,perasaan titik jemputnya udah bener. kenapa malah driver maximnya muter muter
raaacaaa,"coba bandingin maxim sama gojek atau grab, masih murah maxim"
cacaa,@minewjine maxim kemana ajaaa sih??
Arif,"@giIangmahesa Maxim mulai berhitung ongkos jakarta bandung, pastinya lebih murah dan diantar sampai titik koordinat https://t.co/j69XhocO8B'"
cacaa,"RT @minewjine: Halo, ini Maxim dengan akun baru. Mau cari temen lama dan baru. Bantu rt dan like ya, terima kasih https://t.co/JYli8ymcxd'"
Iyokkaa?,@raxyfyy @hlndmnc Wahh.. semangat abang maxim narik nya
zzuraağŸ‚,order maxim lagi buru buru malah lama
llorente,@hlndmnc @07arturrr Btw aku driver maxim'
rainğŸ“,COI MAXIM BAGUS BANGET
de Paimin's,@Listy9021 Pilih maxim wae. Ben maksimal mencintai diaa....
Ponyo,trus udah sore jugaa aku ga enak deh ninggalin mama sendirian kan. jadinya aku pulang tuh. rencananya aku mau mesem maxim tapi ngga jadi karen inget kemrin naik maxim malah lama banget https://t.co/vXOW7sT974'
Qrpay,Naik maxim supaya dapet murah
Pitaaaa,"@ngalamfess Kakakku jual, sistemnya PO. Tapiiii kalau diantar ke kos gabisa :( soalnya jagain anaknya di rumah, bisa pake maxim yang ongkirnya murah https://t.co/tbGSB8UbSB'"
Liaâ·ğŸ’œ,Kayak kenal ini orang Maxim nya wkwkwkwk'
lia,"@JAPANFESS Klo pake motor, mending pake maxim aja https://t.co/aNEBuZ1tFl'"
Ressa,"Iseng baca review app gojek, indriver, maxim,  pada bingung sama interface barunya, gw mikir iya juga ya kadang gua juga bingung https://t.co/avlFFh6UTI'"
zara | kinda ia,"Hari jumat kemarin gua pesen maxim dari rumah ke kampus, terus dapet yg seumuran njir wkwk, mana dia tau nama cowok tempat tinggal gue "
nadiya arawinda,@Maxim_Indonesia Pekerja maxim tolong di perbaiki attitude nya !!! Hih kesel'
nadiya arawinda,@Maxim_Indonesia pantesan aja maxim lebih murah dr merek sebelah. Emang kualitas pekerjanya juga beda. Bye uninstal'
akaa,anjay akun maxim gua baruuu'
nadiya arawinda,Maxim mana maxim sini gue mau ngomong pekerja lu tuh kurang ajar bgt . Nagatain gue orderan ribet. Diajak ngomong baik baik malah nyolot https://t.co/FuHuRH3sZx'
N.I.K.I.T.A,maxim ya bestie. tapi saya tidak pengang cash *bangsat*. ditengah tekanan batre tinggal 2 persen  https://t.co/7XuyCTIMaj'
Â° A R A Â° || Kinda ia,"wkwk ya allah ini gw ngakak banget, jadi gw kan mesen maxim terus mau ke cp, pas naik langsung di tanya ""mau ketemu sehun ya ka"""
Cila â˜ï¸,"@discountfess Pake maxim aja nder lebih murah, udah bandingin sm grab sm gojek, maxim murah poll  https://t.co/nr3fygyfW1'"
jâ€”,lumayan dapet promoan maxim
ê¹€ì€í•œ | Bubbles â™¡,penyelamat kantong pelajar adalah maxim
fitriyanifm,@rajabupatipadus Joy ini aplikasi apa maxim bukan'
indahÊ•Â·á´¥Â·ËµÊ”,bersyukur di poso sudah ada maxim
orchid,"ikutan ah mau coba maxim, katanya lebih murah dari si hijau"
jaarakun,"jadii kan semalem gue abis nonton konser di gbk bareng temen nah baliknya sendiri"", gue pesen lah maxim https://t.co/CaMrLUswyX'"
á´Ã¯c,@convomf daftar harus punya stnk sama sim yg hidup. tapi kayaknya udah tutup. lamar maxim aja nder langsung keterima'
anjuu,ada yg pernah pake maxim ato indriver gasi?'
morgan punk,@strawberrylvy maxim solusinya'
Put sedang diet,@diethingy Maxim ajaa lebih terjangkau di kantong
What's my name,@lxcleopatraxl Wah adakah jalan maxim ni akhirnya akan ada perubahan @eiyzone'
$,@vSeyhh maxim disini banyak
linaa,cukup sekali menggunakan maxim
Bay,"udah pake maxim padahal, tapi biayanya masih mahal"
diandaa,punya pengalaman yang kurang bagus memakai aplikasi maxim
MAXIM.,"pertama kali nyoba maxim car, jauh lebih terjangkau dibanding sebelah"
pie,gokil dah abis nangis di gerbang utama waktu cek maxim ongkosnya udah naik llima belas ribu aja https://t.co/3QsFg0Y7iP'
cillağŸ¦ˆ,@roxyalyy maxim lebih murah'
chaa,@stfutod pake maxim lebih terjangkau
alpha,@minewjine gue kira maxim app buat ojol doang
EğŸ—ï¸,"Terus naik maxim dapet deivernya jauh banget, gua di semanggi drivernya di ambassador "
Ø˜,Inimah gw diajak muter muter sm abang maxim anjay
dya ğŸ¥¨,akhirnya sampe rumah pake maxim car(?) https://t.co/Q3AqbhSjEc'
UNSFESS,ada yg tau ga kalo mo naik go ride ato maxim di deket st.tugu tuh titik jemputnya dimana?'
ãƒ¬ãƒŠãƒ¼ã‚¿ | sho's,anjir gua kesel bgt sm abang maxim amatir anjir jadi tukang maxim'
ğ“¡enza,"algoritma pencarian driver maxim tolong diperbaiki dong, jelek banget"
surya,pelayanan maxim jelek banget
Winter BearğŸ»,@tanyakanrl SUMPAAHH!! gua benci bgt catcalling sering tiap mau kekantor dari stasiun tebet atau mau ke stasiun tebet. Mana kebanyakan maxim https://t.co/c3t2uziiEg'
Iyokkaa?,"jadi ini pertama kali nya nyobain app ojek online namnya ""maxim"" bener2 harga nya gak masuk akal murah ternyata ya https://t.co/FVOspjlmEq'"
cip,Kalo turun di serang dan naik maxim mahal polllll
pen,aku masih percaya abang maxim da https://t.co/RoWm1pYyZG'
ay ğŸ§ ia,"@cinderjaems coba maxim kakkk, aku biasanya pake itu murah'"
wawa keduağŸ˜¾,naik maxim tp malah dejavu sm motor abangnya
anie $COOKIESğŸª,@crjitic Maxim ada akun barunya gasi ci?'
bbow,"habis naik maxim abangnya nanya random gitu, lalu beliau bertanya ""kuliah dmna dek?"" aku jwb ""blum kuliah pak, tp inshallah bakal kuliah. Terus di doain abang maxim alhamdulillah https://t.co/3B6eEoMlek'"
q,mbuh kenapa bapak maxim lucu lucu https://t.co/g1MQXXWseM'
salsa_,pesan food di maxim ternyata murah gess
akungabuut,"abang maximnya baikkkk, besok mau pesen maxim lagi ah"
VINONANDRI AL-AZZAM,Ini orang tidak niat kerja. order dapat dan di cancel..mohon di tindak lanjuti... Kami gunakan aplikasi ini karena murah ya maxim https://t.co/jRr6DpAE7j'
ahmad,haduh punya pengalaman tidak enak pakai aplikasi maxim
syukulu,Tidak lagi-lagi pakai maxim big NO'
Ë™áµ•Ë™caÂ²,"Padahal mau update maxim doang tadi, jadi error"
hanğŸ£,@notyour_queenn ya kan kamu mesen nya naik maxim yang murah
prabuu,salah satu ojol tidak pelit harga adalah maxim
Lord Billar of Valenciaga,@maxinmof @wiragalam Fitnah dajjal kamu ngomong seperti ini maxim'
Maxim|E-hailing,maxim baru bisa cash dah sebel
pengen ganti nama,@mcfuwioweyyo @txtdrkuliner maxim banget gk tu'
mnd,@jogjamnfs iya itu smacam gopay. gopaynya maxim wkw'
BASE ON: BACA RULES!!,aku kemaren baru pake maxim terus bayar tunai kok https://t.co/jj3WIoz2tg'
Bubblerum,"Sabar wii, nanti lu bebas deh nangis di kosan. Bahkan kalo ga kuat nahan sambil naik maxim boleh lah nangis'"
gala,susah banget nyari sesuai lokasi kalau naik maxim
Fino,"Bersyukurlah buat yang tinggal di jawa. Di jogja bebas mau naik apa aja, pilihan banyak. Sekarang juga maxim udah mulai banyak https://t.co/RPBTxZh8qU'"
ğŸ›µğŸ’¨,@txtdrkuliner lebih milih pesan maxim sekarang darpada gojek atau grab
paul,@biblehye kalo sendiri naik maxim aja yg murahh. itu jg ga terlalu jauh ko'
nay,algoritma pencarian driver Maxim kenapa aneh banget ya? ada yang deket malah nyantol driver yg jaraknya lebih dari 2km. ga jls bgt anjeng'
qikaa,@minewjine @moonareas Hari ini pergi naik maxim lagiii
syukulu,Genit bgt pusing abang maxim me block kenapa pake tetanggan si jink'
bellsy,Naik maxim car murah ternayata
:D,naik maxim serasa bukan maxim
irene,coba maxim ternyata tidak seburuk yang dibicarakan orang
efendi,kirim paket lewat kargo maxim murahh
vinaaaa,mau pesan makan lewat maxim ribet banget
rizwan,bagusnya kalau pakai aplikasi maxim ada pilihan perdomisilinya
khiarty,"males banget drivernya genittt, gasukaa"
",",@norfazlynn_ Kawasan maxim saja sudah crowded. Confirm ramai tu hahahah'
galgal,susah nyari lokasinya
ğ“ğ“µğ”‚ğ“·ğŸŒ™,pesen makan di maxim murah juga ternyata
neyğŸ˜¶â€ğŸŒ«ï¸,@minewjine  maxim kemana aja ini lama banget nunggunya guaaa
ayyyy!!!!!,@moonareas maxim tuh apk ojol bukan si'
Maxim,@biologei @moonareas Iya Maxim murah
carl,"naik maxim masa biaya aplikasi sama yang diminta beda sih, kesel banget"
rakev,pembalap banget ni abang maxim
carlo,"mapsnya maxim ngaco banget, ga suka"
azel ğŸ¤£ğŸ¤£,aku dinotis maxim woy  https://t.co/A4Ex71CEM9'
akmal cjr,@moonareas enih maxim yang kuning murah itu ya'
anta stm,@moonareas MAXIM NOTIS GUA DONG YA ALLAH DARI AKUN SEBELAH KAGA PERNAH DIANGKUT (sedih)'
Fab ğŸ¦‹,Driver lo sopan dikit dong maxim. Gw munggu sejam ngape lo yg sewot kontol https://t.co/pvgiPwn0UD'
Maxim,maxim tolong diperbaiki para drivernya ya
Asher rest,@moonareas maxim si kuning kh'
widia,"ini gimana sih maxim, masa ada waktu berbayarnya"
Aci #Cookies ğŸªğŸ“âš¡,November tahun lalu menang di maxim Sama di duches tpi duches nya ke sus'
would u be mineâ‰ï¸,@FWBESS Kan ada maxim
a,pokonya hari kemarin asu banget aku ribut sama amang maxim terus kepentok botol aqua udah mana perut laper https://t.co/NE5w83noEV'
Catur Ratna W.,"@rockintari @Maxim_Indonesia Ya ampun maxim! Ganti ojol aja,"
Mentari Nurmalia,Hampir mati gara-gara driver @Maxim_Indonesia maxim bawa motor dalam keadaan remnya rusak/blong. Terus alhasil nabrak motor didepannya https://t.co/S3BSZ9IptL'
Yaoi Mitsuzawa Naori.,"@Arsenal20xucl @krupukgendar66 @kindermanfritz @RktAdli @The_RedsIndo mungkin tuh orang, gatau semurah apa maxim dibanding aplikasi lain https://t.co/38IkeXM6xT'"
kale,"abang maxim yang kutemuin rata-rata pada suka ngedoain, aku terharu banget huhuu'"
Pawpaw,"@onemorelight___ @discountfess Iyaa sekarang lbh pilih maxim klo lagi high fare. Gojek paling tinggi harganya, ga ngotak banget"
kale,"pernah naik maxim terus abang maximnya ngira aku anak kedokteran, sedikit membuka luka lama tapi pas turun didoain https://t.co/hyfJfEdIm5'"
syukulu,ngga lagi-lagi naik maxim'
syukulu,Aaaaa males banget naik maxim'
Adul,@discountfess Maxim biasanya lebih murah'
suciku,@discountfess pake maxim adalah kundjie'
woozyan,@milomimow CEPET NYUSUL PAKE MAXIM'
dona,"naik maxim abang nya cerita pake aku kamu, busettt berasa di ceritain sama pacar'"
ila,"order maxim hari ini, tapi ongkir yang tertera di aplikasi dengan driver berbeda. aneh banget"
dwindara,sepanjang jalan abang maximnya cerita cerita. seru bangettt
nisa,"iseng liat aplikasi maxim, ternyata mash banyak lokasi yang belum terdaftar di maxim"
hafidz,"pertama kali pakai maxim, ini ngga ada fitur buat ngambil gambar di room chatnya ya"
ğŸ‡²ğŸ‡¾ Ø¨Ø§Ù„Ø±ÙˆØ­ØŒ Ø¨Ø§Ù„Ø¯Ù…ØŒ Ù†ÙØ¯ÙŠÙƒ ÙŠØ§ Ø£Ù‚ØµÙ‰ ğŸ‡µğŸ‡¸,Murahan maxim kalau dibanding yang lain
Kiyong nuna âœ¡ï¸,"Gesss nanti malem yang nonton dreamies, kan gojek sama grab susah tuh. Aku saranin kalian pesan maxim yaa. Kemaren aku pesan maxim cepet datengnya https://t.co/OMaMHpt71O'"
maddy,Abang maxim : maaf nih kak tpi kaka tampangnya kristen-able
Remember,@signatureoreo maxim car dong lebih murah ketimbang yg lain
Kazuha,@ziniztier Selamat pagi kak Maxim'
kacang tojin,suka baget dapet maxim yang wangi
udin,"hampir banget tabrakan beruntun, maxim ni kenceng kenceng banget sih"
sardi,"hari ini naik maxim, tapi akurasi mapsnya kurang tepat"
ğ©ğ¢ğš||sibuk rl,"sumpah, maxim abangnya genit bgt suka ngechat"
GZB SpartAce,Driver maxim ramah banget sih
Irfan Syahrefi,Maxim tidak suburuk itu
Edi Ashraff #rakyatjagarakyat ğŸ´ğŸ‡²ğŸ‡¾ğŸ‡µğŸ‡¸,"Nemu driver maxim cuma isenggg, mana gamau dibayar"
GZB SpartAce,"Allahuakbar abg2 maxim nya narsis bgt. Perasaan laki ku udah paling narsis ku lihat, lah abang nya lebih narsis lagi. Ampuuunnnnn."
Tengmirah,@_oreonotoreo Boleh coba indrive or maxim . Kadang lebih baik dari grab. Boleh bandingin harga and pick yg paling murah'
geo,@9flouriine ngga sekalian malming sama abang maxim kah'
cep yanaá… á… á… á… á… á… á… á… á… á… á… á… á… ,@Maxim_Indonesia maxim kapan update sistem order masuk? yang sekarang berjalan ga relevan dengan posisi driver..'
fitri,"mapsnya maxim tidak mendukung sama sekali, jadinya sulit untuk menentukan titik jemput atau titik tujuannya"
act: Roses,"@Leoraaabziaa Tau goblok ga ka? Iya itu anda. Nyetir dalam keadaan mabuk ga dibenarkan woy. Dan asal lu tau, sekarang banyak aplikasi ojek online contohnya maxim https://t.co/ZBqo2Caizr'"
edo,"gila selap selip banget abang maximnya, kacau"
transonlinewatchcom,"Duh! Ikut Pengajian Driver Maxim Tak Lagi Peduli Keluarga, Bahkan Mau Bunuh Diri https://t.co/nXyMWwftBx'"
ryuáµ•Ìˆ,@hahingang @AxtonYuval @infotwitwor_ @Leoraaabziaa mba ini tinggal di zaman apa ya ga tau ada gojek grab maxim https://t.co/DQGfAkTvNn'
virgo gurl.,@linkaja ini gmn ya gangguan ga bisa top up saldo maxim'
neta,"mapsnya maxim ga akurat, jadi bingung kalau mau pesan maxim"
je,@effrect Positif maxim kan??'
retta ğŸ›°ï¸,badanku encok ih apa naik maxim aja ya tapi gamau boros IH'
Donquixoteee,"buat kakak"" FK -uwin yg tadi order maxim ke pd. ranji, semangat praktiknya ya, semoga cepet jadi dokter. https://t.co/PIrUPCA9Gr'"
nay,maxim ko error si aku mau pulang https://t.co/8ecP9JKhzn'
A2K,"@Askrlfess Kadang customer maxim emang ngeselin sih, ini dia yag pesan jarak jemput lumayan lah hampir sekilo , di chat via app ngga di bales https://t.co/YNkBUYSTEt'"
Pesarkas Hamndal,Ngakak banget sama driver maxim
law-own,@alexoxandro @OhhhAchmad @Askrlfess Gw kalo jdi ibu nya bakal ngecancel orderan kalu nungguya lama apalagi kalo jaraknya jauh https://t.co/WWuCxxXvSC'
indiraa,kenapa hari ini pesen maxim di cancel mulu dah
Jepit.Njepat,"RT @unmagnetism: lancar trus rejekinya buat abang driver maxim, suka banget pake maxim https://t.co/OL8uwl9dDI'"
law-own,"@abcdefg__jkmybf @ielcafe @Askrlfess Bener apalagi maxim, asli nyari titik nya susah. Rumah gua titik nya ghoib'"
duunuuut's,@pinkypink211 @rizaldy_bima @ngalamfess iya kak kalo di lampung juga gitu ada counternya maxim'
deka,fitur fitur maxim masih kurang
Rambutan1970,maxim juga bisa gosend ko
ğŸ§šğŸ»â€â™€ï¸ğŸ™…â€â™€ï¸,kayanya besok2 gamau gosend pake maxim lg ajg.'
ğŸ§šğŸ»â€â™€ï¸ğŸ™…â€â™€ï¸,sumpah harini lemas selemas lemasnya karna kurir maxim babi'
dakinya Taehyungâ·,"Naik maxim aja, murah gitu tarifnya"
purr,Tadi nak balik order maxim https://t.co/btz2rb4w04'
selma,"Yamg belum download maxim, pakai kode akuu yuk "
herna,pakai maxim susah cari alamat tujuannya
Ã¨ d o t,"@istimewadihati Masih lebih murah indriver, perkara tadi susah dapet driver pada jauh akirnya terpaksalah pake maxim "
einàªœ,"kak coba order pake maxim, kemaren aku cepet pas grab ga dapet dapet https://t.co/IjE0HwbrI4'"
ğŸŒ™ ;,gakenal gojek grab maxim kali ya https://t.co/YN5lKUj4Ui'
rani,"btw juga. jarak ak ke stasiun itu lumayan, jarak rumah beliau ke aku itu jauh. pake maxim juga cuma sembilan ribu:' tp beliau tetep mau anter sampai tujuan https://t.co/b7aoYkbOTZ"""
Hendrawanciken,@maemtelo @lukmaninside13 @niwseir @gojekindonesia Bos kalau maxim itu dpt orderan anter lima kilo agro nya masih sama kaya jarak deket https://t.co/GRaW8N0fjk'
lailaaa23,emang boleh ya nunggu maxim selama ini
erdo,yang betul aja ni driver maxim masa dilewatin jalan sempit sempit gini
trisna,maxim ribet gitu settingannya ya
ika,mau top up saldo maxim tapi ga bisa langsung dari aplikasinya
yangki,mapsnya maxim ga jelas
UIN Jakarta Fess | autobase UIN Jakarta,"buat kakak"" FK -uwin yg tadi order maxim ke pd. ranji, semangat praktiknya ya, semoga cepet jadi dokter, tadi belom sempet nanya nama wkwk'"
"narrel, diving akbar. ğŸ¤¸ğŸ»â€â™‚ï¸",@marvkielee hy bang maxim'
racee,di maxim untuk foodnya toko yang masuk masih sedikit
devi,lokasinya maxim harus diperbaiki lagi kayaknya sih ini
^_-,@grossmutti salut banget sama maxim ngga pelit harga
marioo,kaget banget ojol maxim ternyata sangat terjangkau harganya
sye(tan),tapi tadi yaa aku sm bapak maxim nyasar HAHAHAHAHH kaya.. aku mau ke upnormal deket smk malah nyasar ke upnormal yg deket kenjeran'
sarah,aplikasi maxim keren
m,ada yg bisa cv dana ke maxim gk? #zonauang'
Ika Permata Hati,perjuangan pakai maps maxim ke Royal Hospital yang tidak ada wujudnya https://t.co/1O0PpH3WFO'
energi,"naik maxim trus abangnya kayak tau banget isi hati gue. awal nanya ""kerja di situ?"" trus ujungnya ""yaa mudah mudahan betah yaa https://t.co/wDLoeFgCC5'"
iceell â™¡Ì·,@ara_library  gemes banget sama maxim https://t.co/c6D8bp7C1m'
bujosa,untung abang maximnya cepat datangnya
Ehlia â€¢ Missing Huezart â€¢ğŸ°ğŸ§,"Random banget emang, gara-gara keinget lagu iklan maxim, jadi keinget lagu aimyon yg ini. Gue puterin tadi pagi  https://t.co/D9aLrit6Wm'"
yeo,Abang maxim pea bgt dah planga plongo bgt'
rena,"moodku hari ini bagus berkat abang maxim, terima kasihhh"
tsabita,@convomfs gojek grab maxim banyak noh tinggal pilih'
KOSONG,"Jumatku harus banyak sabar, mulai dari maxim yang gak jelas,  laptop rusak padahal hari ini deadline terakhir tugas, ditambah minggu depan harus presentasi https://t.co/XHg8DUGbyw'"
dhiyaa,"sabar banget sama maxim, lagi buru buru malah lama banget"
amara ğ–§·,@convomfs Tolong kasih tutorial menggunakan gojek grab maxim indrive ya nder kalo engga sledeng tekel aja dah https://t.co/B5iQaeq6cm'
Roee,@IHateFallGuys Maxim ada buat makanan juga ges
Surya,"Tau, kirain maxim cuma ada layanan ky ojol doang. https://t.co/YQ8cmre7mk'"
Surya,Cape banget sama maxim
bucin oppa,"capek banget hari ini, udah nyampe kantor ngedadak disuruh ke cabag lain. pulangnya pke maxim eh nyasar dong lewat gang https://t.co/11P1SS2twi'"
elisa,Penyalamat disaat butuh ojol tapi gapunya duit banyak. pake maxim aja
kiki16,"mana panas, pesen maxim lama. Haduhhh"
yuniiiii,maxim tercepet sih ini
zzz,Selama pake maxim aman aman aja
raja,tim yang ngga naik maxim karena bingung cara pakainya
rafka,suka maxim
Cihh jinjaa,Cara bayar Maxim non tunai gimana anjer??????'
Abhee,@OhhhAchmad @Askrlfess Ntar ke PM lari ke Maxim dah'
Ordinary girl,Apa aku harus pake maxim dan berharap ojeknya kamu'
Maxim Tangerang Raya,Yaelah apes banget dapet driver maxim kali ini
srikasih,baik hati sekali mas driver maximnyaa
á´…á´á´…á´ÊŸá´€É´ á´‹á´€á´s,@txtdarionlshop Sering nemuin penumpang model begini selama jadi driver Maxim
akunsambat,"@AxtonYuval Jaman purba ya? Grab, gojek, maxim, bluebird banyak tp malah nyusahin org lain wkwk'"
ğ“†ğ“†Ÿğ“†œ,kenapasiiii grab gojek sampe maxim gabisa dibuka di hape ainggg?! forced close muluu gituu keselll'
Norazly Basarian,maxim ganentu banget https://t.co/U6ZAvqmsOj'
lia,"@guihzong Disaat seperti ini, Maxim penyelamat'"
Glazemelk,"gojek parah bgt nunggu lama ga dapet dapet driver, maxim persekian detik klik order langsung dapet wkwk'"
ğŸŒ»,"@AxtonYuval Tau ga si konteknya pala lo peyang, lu tanya seluruh negara juga dimana2 klo mabok ya gaboleh bawa kendaraan, ppake maxim ajalahh https://t.co/AXq0cYsG5I'"
kucing bersedih,"jogging terus baliknya naik maxim, beli basok, plus makan eskim https://t.co/Ci6NNyFbTf'"
giganotosaurus,Naik maxim trus parfum drivernya wangi banget sampai nempel di aku
ğŸŸ zhen || TUGAS !,"Pertama kali naik maxim terus dapet begini, anjirr trauma... gw cancel saat itu juga https://t.co/iLnWdYnAng'"
ğŸkinda ia,KAK KRISTT OMGG CERITA CHASE SAMA MAXIM NYA LUCU BANGETTT bikin mood juga. https://t.co/tnDZfSVl3j'
zettt44,naik maxim kerumah dara https://t.co/7ON1bwi0NJ'
Amel,@discountfess Loh baru tau maxim bisa cashless'
tretantol,@tanyarlfes Koyo logo Maxim'
littlebubss,"tirai hujan basahi aku, temani aku dan abang maxim ninja, kaki gua sakit bgt nahan badan biar ngga kedepan"
ğŸŒ™,"sudah tau lampu merah , malah ditrobos dasar gilak , untung w bukan pengguna maxim cuih'"
ğŸŒ™,ajg maxim ini bisanya cari masalah'
natnanimbus,"maxim tolong diperbaiki search drivernya, masa gue dpt driver lagi di tangsel, nunggu setengah jam dulu bru nyampe'"
mediafax,pesan maxim nunggu abangnya lama juga yaa hmm
riana,"@darjofess Maxim siii, tapi jarang bgt ada "
N A Y,Ini belum masalah driver yang minta tambah tarif nih. Padahal aku tipe yg sungkan banget kalo bayar pas https://t.co/tBH5mW0GbE'
rey,napasi maxim gabisa cashless elah udh enak murah padahal'
cel,UDH SIAP TP AKU KESEL SM DRIVER MAXIM https://t.co/qs7FRAt39U'
AcidSoup,@travellsize Kalo maxim setauku gitu aku maxim soalnya sama sopi pud'
bubblegum à­§â¤âƒğŸ¦,di tolak mang maxim  https://t.co/003tNqYMeS'
ğ“€ğ’¾ğ“ƒğ‘” ğ“Œğ’¾ğ“‰ğ’½ ğ“ƒğ‘œ ğ’¸ğ“‡ğ‘œğ“Œğ“ƒ,@Askrlfess di gonceng sama driver maxim jarak kereta dan motornya itu mungkin lima ratus meter :)'
dinda,@kashogixx maxim saya kasihan'
lifeonearth,"sedih bgt ke perpus mau balikin + minjam buku eh malah tutup. liat di google tutup jam 3, yaudah pulang pesan maxim https://t.co/CmLyt5BDsk'"
AcidSoup,@travellsize Tapi kan kalo driver cewe dapet order cowo cowonya yg di suruh nyetir kalo maxim aturannya gitu si
Rosygr,"Anjret pesan makan di maxim cari driver susah mamati, giliran mau batal langsung bisa.'"
â‘‚ kimo â‘‚,"modaaaal dikit gitu open room kek,naik maxim kek. Kan begini malah bahaya in orang lain"
LğŸ•¶ï¸,"Driver maxim hiso nge rem rak si, posisi duduk miring, jalan rusak, akeh polisi tdr tp bablas wae'"
ğŸŒ,Dapet driver maxim baeknya kebangetan semoga berkah selalu ya pakk
rosa,parah banget ni maximnya
tyoo,hari ini dapat driver maxim yang lama pol
SUKA DADA AYAM,@Handoko_Senoo Driver maxim mas wkwkwkw'
owen,tidak mudah mencari alamat di aplikasi maxim
mhammadrizkyy,Naik maxim ke bogor ternyata ga brgitu mahal
mamek.,"@christclou Biarin kita tinggal pindah ke Maxim. Ngojol nganggo suprafit, ndang sugeh'"
Scarlet,@ribonk Sekarang udah ada Maxim... No excuse...'
dimas,aplikasi maxim udah mulai bagus
lusica,masih ada beberapa fitur maxim yang harus diperbaiki
Capcipcupp,RT @unmagnetism: lancar trus rejekinya buat abang driver maxim. https://t.co/OL8uwl9dDI'
Tanyarl,gais maksud account 94k itu apa ya di app maxim? soalnya kalo saldo aku gapernah isi saldo di maxim https://t.co/Qw8JDCozWS'
2025jadi DPR,maxim murahnya suka ngga masuk akal
NICKNAME,@kostanalter Pake maxim murahh'
kai.,@CuanPuan @sheores / LEMES BANGET DITAWARIN PROMO MAXIM SUKABUMI'
ğ¤eii-(ã‚±ã‚¤ã‚¤)ğŸ¨ğŸ¦‡â˜”ğŸ¿ğŸ”®,"Yg di pesen gojek, yg datang maxim.. https://t.co/m4d9HrKGzv'"
serotonin,"fyi akun gojekku dua supaya dapat promo mulu wkwkwk anjir masih belum grab, indriver ama maxim jir https://t.co/rfQKCj3fwc'"
Nita,"Enaknya naik maxim itu tida perlu bilang belok kiri, belok kanan #anakperum'"
Hoomanpedia,"@tanyakanrl Bayar cash nder kalo maxim, kecuali top up dulu. Maxim murah bangett sih keren parah'"
Maxim Bali,@ZandV_ @Maxim_Indo Jika ada keluhan bisa dikirmkan melalui cs maxim
Pacar Joshua HongğŸ’œ,Maxim kenapa driver nya pada tolol tolol si anjing'
Maxim Bali,Murah banget di maxim dah
heme à½¼,LUCU BGT PESEN MAXIM CAR PAKE APV  https://t.co/ifSNR59ym3'
Maxim Bali,"RT @MaximAceh: Apapun barang hantarannya, kami siap antar sampai tujuan. Download aplikasi MAXIM sekarang dan dapatkan bonus saldo"
Maxim Bali,naik maxim lancar jaya
Ayu Permata,"Pagi ini dpt maxim supra geter, sepanjang jalan kaki kesemutan gara gara foot step ikutan geter, ya Allah mau kesel tp ngakak tp geli ni kaki"
ndaruu,driver maximnya baik sekali
kie,hari ini naik maxim suka banget soalnya drivernya baik
catur,"baru coba install, semoga aplikasi maximya bagus"
bbyrosğŸ•Š,"Tiap pagi mata ini melihat notif Telkomsel, traveloka, ovo, grab, gojek, maxim"
clorcloron,"Awalnya cerita dari pasar Senen naik Maxim mas mas nya humble banget, pas mau sampe rumah hp emak gue ketinggalan  https://t.co/cnsws2X50X'"
clorcloron,"[TWITTER PLEASE DO YOUR MAGIC] Hallo semua, aku mau minta tolong cariin orang ini. Dia driver maxim, hp mama aku ketinggalan https://t.co/yGgPF4BLHs'"
littlegurl,"Ini awal november sakit ampe kuku ungu dikereta sendiri, pas pesen maxim ketiban motor maxim https://t.co/aPF6oJwBIl'"
dede raditya,Lama banget dah maxim gua kaga dateng dateng
ğŸ˜‚ğŸ˜‚ğŸ˜‚ğŸ˜‚ğŸ˜‚ğŸ˜‚ğŸ˜‚ğŸ˜‚ğŸ˜‚ğŸ˜‚ğŸ˜‚ğŸ˜‚ğŸ˜‚ğŸ˜‚ğŸ˜‚ğŸ˜‚ğŸ˜‚ğŸ˜‚ğŸ˜‚ğŸ˜‚ğŸ˜‚ğŸ˜‚ğŸ˜‚ğŸ˜‚ğŸ˜‚,anjing gua nunggu maxim 12menit gila banget bgst'
puspa,"senang kalau pesan maxim, driiver selalu dapat yang terdekat"
rizkina,ko bisa sampe muter muter gini naik maxim ya
dinar,"makasih juga buat abang maxim yang nyamperin bapaknya dan bantuin dorong motornya, sehat selalu dan lancar rezekinya"
lilaa,pesan maxim harus menunggu dengan sabar
kiaraa,"ini maxim udah lama datangnya, lama juga driver nyetirnya"
yudi,di aplikasi maxim ini mapsnya kurang akurat
luthfi,naik maxim hari ini bikin sebel
salma,"haduhh nunggu maxim lama banget penjemputannya, kadang suka jadi telat"
helvy,moo nangis anjr dapet maxim motor jamet
sia,driver maxim grab disini kalo dikasi uang lebih langsung kembalian boro di jakarta kalo gak kita bilang kembali ya langsung bilang makasih
UGM_FESS,Ugm_fess Klo order maxim jam 5-an bakal ada driver yg nerima ga ya? Jam segitu udah ada yg pada stand by belum sih? Terima kasih'
rena,"naik maxim udah mana murah, drivernya baik banget"
freetag,@tanyakanrl maxim blm bisa cashless'
aku,@tanyakanrl iya maxim kan cash'
nada,kalau lagi sedikit uangnya naik maxim aja
radit,"pertama kali coba maxim, untuk menentukan lokasi penjemputan atau pengantaran sulit sekali"
ako,"aku masi kagok pake maxim soalnya kudu bayar pas sampe, udah kebiasaan bayarnya cashless jd suka lupa cuma blg makasih doang"
Katadata.co.id,saingan gojek adalah maxim
nnn,eh maxim bisa non tunai kaga si anjinggggggggggg gw gblk bgt si pede kluar mobil bilang makasi pdhl blm bayar'
ruu,pakai maxim sulit mencari lokasi dipedalaman
Dedi Iskandar,RT @sukaggorengan: top up maxim gmna sieee
Itâ€™s me rocket ğŸš€,Bapak bapak maxim nya baik bgt'
qblxyz,"Hallo @Maxim_Indonesia Mau tanya, untuk Pengajuan Sponsorship ke maxim itu bagaimana ya prosedurnya??"
A,pertama kali naik maxim. murah
Aristo Triple-X,RT @advis_Nd: pengalaman gak enak selama Beta naik Maxim entah ini dia mau main gila tapi memang si kata2 agak gak sopan
yongbok,Dari stasiun senen sampe kramat jati murah banget naik maxim
jaka,maps di maxim kurang lengkap
Spica Bella,"Titik maxim tuh kadang gajelas anjir, w liat di google maps udah bener ternyata beda beberapa meter sama di apps.  https://t.co/fKoxIrYF1r'"
wanda,suka sekali pakai maxim
cicingki,"Perdana naik ojol maxim dari stasiun ke rumah, tarifnya semurah itu. Biasa naik si ijo tarifnya bisa dia kali ini. https://t.co/DYy3px6CUI'"
hasni,"oiya kami kemana - mana naik maxim ya, karena murah"
v i,Anjay ini kalo digabungin sm Maxim dan syopifud pasti lebih banyak lagi https://t.co/YzP7xIESIg'
gadis,order maxim tapi maps yang digunakan tidak lengkap
hasni,"dari stasiun solo balapan, kami naik maxim ke pasar gede krna menurut kami lebih murah daripada gocar atau grabcar.  https://t.co/F2tr5q5DVd'"
zoeâœ¿ bigluv kazy,"saran aku yang dom depok terus mau pp naik motor dan apalagi pertama kali ke ice bsd, mending pikirin lagi deh. mending naik maxim https://t.co/VKPjoLmYIt'"
vena,tarif maxim sangat terjangkau
resa,abang maximnya baik
aris.pdf,Ndak bisa ikut ikutan update gojek setaun berapa soalnya aku pelit jadi pake maxim
wenaa,lagi kepepet banget untung megang uang cash buat naik maxim
ğŸŒ¹,"memar belom sembuh eh kepentok maxim lagi tadi pagi, mana udah keliatan ungu, sakit, jalan jg jd sakit"
putri,"malem malem susah cari driver, untung ada si kuning maxim "
ginaaa,maxim penolongku
gilda,lokasi titik jemput maxim ko ga jelas gini ya
Nadline,"maxim buat nyari lokasi tujuan suka ngga muncul langsung, jadi harus nyari lewat peta dulu. ribet"
lisa,titik maxim tidak jelas
runa,driver maxim hari ini ramah banget
dre,abang maxim best banget bawa motornya
prince,driver maxim bikin emosiiiii
della,"harus buru buru karena jadwal padat, untung ada abang maxim"
aminah,maps di aplikasi maxim sering tidak tepat
crisss,"seneng banget pake maxim, murah meriahhh"
I,masih pagi udah nungguin maxim yang lama banget
tyra,sebel banget hari ini sama maxim
drienz,maxim dibutuhkan diwaktu yang tepat
dian,ini abang maxim malem malem masih narik aja
yu,Hari ini naik maxim pulang pergi abangnya ramah banget
evi,banyak driver maxim yang sikapnya tidak sopan
raaa,problematik banget maximnya
dika21,"tadi siang pesen maxim food, ada promo"
farhann,naik maxim kadang suka telat
wan,sekarang lebih suka pakai maxim daripada apk sebelah
amirkhan,murah banget woy pake maxim ini
haris,kapok pakai maxim
tiara_,"agak lumayan ya say tarifnya sama si hijau, murahan si kuning maxim"
nggii,suka maxim harga murah
weqaa,kebiasaan banget kalo pengen cepet malah maximnya lama
rara,aaaaaa maxim penyelamat akuuuu
rea11_,"abis pulang dari mall, iseng pesen maxim buat anter pulang. Ternyata aman aja ngga aneh aneh"
gilang,seru banget abang maximnyaa